TOA5,GR_TACNA_CR1000,CR1000,57625,CR1000.Std.26,CPU:emap_grt_rev1A.CR1,18880,Table1,,,,,,,,,,,,,,,,,,,,,,,,,,,,
TIMESTAMP,RECORD,BP_mbar,BP_mbar_Avg,BP_mbar_Max,BP_mbar_Min,Rain_mm_Tot,AirTC,AirTC_Avg,AirTC_Max,AirTC_Min,Temp_SenTer,Temp_SenTer_Avg,Temp_SenTer_Max,Temp_SenTer_Min,Temp_PuntoRocio,Temp_PuntoRocio_Avg,Temp_PuntoRocio_Max,Temp_PuntoRocio_Min,RH,RH_Max,RH_Min,WindDir,WS_ms_S_WVT,WindDir_D1_WVT,WindDir_SD1_WVT,WS_ms,WS_ms_Avg,WS_ms_Max,WS_ms_Min,SlrkW,SlrkW_Avg,SlrkW_Max,SlrkW_Min,SlrkJ_Tot,BattV_Min
TS,RN,mbar,mbar,mbar,mbar,mm,Deg C,Deg C,Deg C,Deg C,Deg C,Deg C,Deg C,Deg C,Deg C,Deg C,Deg C,Deg C,%,%,%,degrees,meters/second,Deg,Deg,meters/second,meters/second,meters/second,meters/second,kW/m^2,kW/m^2,kW/m^2,kW/m^2,kJ/m^2,Volts
,,Smp,Avg,Max,Min,Tot,Smp,Avg,Max,Min,Smp,Avg,Max,Min,Smp,Avg,Max,Min,Smp,Max,Min,Smp,WVc,WVc,WVc,Smp,Avg,Max,Min,Smp,Avg,Max,Min,Tot,Min
21/08/2024 13:00,0,948,946,948,503.3,0,15.48,15.34,15.68,14.94,15.48,15.34,15.68,14.94,11.85,11.68,12.27,11.02,78.88,80.4,75.36,224,1.288,242,34.58,1.31,1.288,3.73,0.1,0,NAN,NAN,NAN,NAN,12.72
21/08/2024 14:00,1,948,948,949,947,0,13.6,14.39,15.89,13.53,13.6,14.39,15.89,13.53,11.31,11.49,12.31,11.16,86,86.2,77.45,236,2.171,235.8,23.63,1.78,2.171,6.19,0.12,0.103,0.078,0.193,0,280.3924,13.02
21/08/2024 15:00,2,948,948,949,947,0,13,13.32,13.87,13,13,13.32,13.87,13,11.17,11.3,11.65,11.13,88.6,88.9,85.4,265,1.672,235.5,24.45,1.88,1.672,4.61,0.05,0.051,0.068,0.103,0.051,243.4067,13.15
21/08/2024 16:00,3,948,949,949,948,0.25,13.05,12.95,13.33,12.71,13.05,12.95,13.33,12.71,11.48,11.3,11.61,11.16,90.1,91,88.4,221,1.098,231.7,35.57,1.55,1.098,2.65,0.06,0,0.028,0.052,0,100.568,12.86
21/08/2024 17:00,4,949,949,950,948,0,12.52,12.53,13.05,12.24,12.52,12.53,13.05,12.24,11.71,11.41,11.85,11.16,94.7,95,90,219,1.275,228.3,28.53,1.34,1.275,3.55,0.06,0,0,0,0,0,12.67
21/08/2024 18:00,5,950,949,950,948,0.25,12.02,12.33,12.69,11.99,12.02,12.33,12.69,11.99,11.23,11.45,11.88,11.07,94.8,94.9,93.3,250,1.347,225.6,23.45,1.87,1.347,3.12,0.26,0,0,0,0,0,12.6
21/08/2024 19:00,6,949,950,950,949,0.25,11.78,11.84,12.22,11.71,11.78,11.84,12.22,11.71,10.9,11.04,11.44,10.86,94.3,95.4,94.1,183,1.273,226.4,27.74,1.06,1.273,2.99,0.09,0,0,0,0,0,12.59
21/08/2024 20:00,7,950,950,951,949,0,11.92,11.92,12.26,11.71,11.92,11.92,12.26,11.71,10.99,11.01,11.36,10.83,94,94.9,93.3,226,0.916,0,0,1.9,0.916,2.12,0.04,0,0,0,0,0,12.55
21/08/2024 21:00,8,951,950,951,949,0.25,11.85,11.88,12.22,11.71,11.85,11.88,12.22,11.71,11.01,11.06,11.39,10.89,94.6,95.3,93.9,234,1.268,229.8,24.95,1.39,1.268,2.72,0.17,0,0,0,0,0,12.54
21/08/2024 22:00,9,950,950,951,950,0.5,11.71,11.77,12.12,11.61,11.71,11.77,12.12,11.61,10.95,10.94,11.33,10.79,95,95.1,94.1,271,1.127,229.9,27.43,0.72,1.127,2.24,0.12,0,0,0,0,0,12.51
21/08/2024 23:00,10,950,950,951,949,0,11.85,11.69,11.99,11.51,11.85,11.69,11.99,11.51,11.15,10.87,11.27,10.69,95.4,95.4,93.9,199,0.747,247.4,40.26,0.45,0.747,2.06,0.05,0,0,0,0,0,12.54
22/08/2024 00:00,11,949,950,950,949,0,11.51,11.61,11.92,11.48,11.51,11.61,11.92,11.48,10.77,10.88,11.22,10.72,95.2,95.5,94.9,194,0.502,0,0,0.84,0.502,1.83,0.01,0,0,0,0,0,12.52
22/08/2024 01:00,12,948,949,950,948,0,11.51,11.56,11.88,11.44,11.51,11.56,11.88,11.44,10.81,10.86,11.26,10.69,95.4,95.9,95,NAN,0.512,0,0,0.03,0.512,1.34,0.01,0,0,0,0,0,12.5
22/08/2024 02:00,13,948,948,949,947,0,11.37,11.5,11.82,11.31,11.37,11.5,11.82,11.31,10.7,10.82,11.16,10.59,95.6,95.9,95.3,219,0.809,0,0,1.35,0.809,1.99,0.02,0,0,0,0,0,12.48
22/08/2024 03:00,14,947,948,948,947,0,11.44,11.45,11.85,11.31,11.44,11.45,11.85,11.31,10.78,10.78,11.19,10.59,95.6,96,95.3,207,0.767,225.1,28.93,0.45,0.767,1.77,0.12,0,0,0,0,0,12.44
22/08/2024 04:00,15,947,947,948,947,0.25,11.51,11.52,11.82,11.41,11.51,11.52,11.82,11.41,10.79,10.84,11.19,10.72,95.3,95.9,95.2,272,0.491,0,0,1.25,0.491,1.42,0.02,0,0,0,0,0,12.4
22/08/2024 05:00,16,947,947,948,946,0,11.44,11.42,11.78,11.31,11.44,11.42,11.78,11.31,10.5,10.61,11.08,10.46,93.9,95.6,93.9,233,0.822,0,0,1.1,0.822,1.76,0.02,0,0,0,0,0,12.38
22/08/2024 06:00,17,948,948,948,947,0.25,11.51,11.42,11.71,11.31,11.51,11.42,11.71,11.31,10.67,10.51,10.86,10.38,94.5,94.7,93.7,203,0.856,222.3,27.46,0.73,0.856,1.77,0.12,0,0,0,0,0,12.39
22/08/2024 07:00,18,949,948,949,947,0,11.58,11.46,11.78,11.31,11.58,11.46,11.78,11.31,10.56,10.5,10.84,10.3,93.4,94.4,93,238,0.909,0,0,1.52,0.909,2.37,0.03,0.072,0.024,0.072,0,84.70234,12.4
22/08/2024 08:00,19,949,949,950,948,0,11.92,11.71,12.19,11.44,11.92,11.71,12.19,11.44,10.65,10.67,11.16,10.38,91.9,94.6,90.6,214,1.274,232.6,24.49,1.28,1.274,2.75,0.26,0,0.092,0.138,0,332.7656,12.74
22/08/2024 09:00,20,951,950,951,949,0.25,12.22,12.04,12.49,11.85,12.22,12.04,12.49,11.85,10.76,10.65,11.13,10.3,90.7,93.2,89,184,1.152,224.6,29.03,0.75,1.152,2.35,0.12,NAN,NAN,NAN,NAN,NAN,13.17
22/08/2024 10:00,21,950,950,951,949,0.25,13.39,12.77,13.59,12.22,13.39,12.77,13.59,12.22,10.54,10.64,11.19,10.07,82.8,91.5,81.1,245,1.228,212.8,28.65,0.87,1.228,2.39,0.08,0.262,NAN,NAN,NAN,NAN,13.1
22/08/2024 11:00,22,950,950,951,949,0,13.99,13.8,14.39,13.25,13.99,13.8,14.39,13.25,10.88,10.73,11.39,10.25,81.5,85,79.49,214,1.391,216.2,31.27,1.64,1.391,3.76,0.21,0.27,0.29,0.36,0.237,1045.439,13.11
22/08/2024 12:00,23,950,950,951,949,0,12.64,13.19,14.19,12.57,12.64,13.19,14.19,12.57,10.92,11.03,11.55,10.43,89.2,89.9,79.09,251,2.116,235.1,23.04,1.83,2.116,4.65,0.16,0.093,0.183,0.324,0.081,658.6013,13.13
22/08/2024 13:00,24,949,950,951,949,0,12.34,12.36,12.84,12.1,12.34,12.36,12.84,12.1,10.91,10.87,11.19,10.67,90.9,92.1,88.3,319,1.254,244.2,44.6,0.69,1.254,3.4,0.05,0.085,0.089,0.124,0.072,319.7618,13.18
22/08/2024 14:00,25,949,949,950,948,0,12.44,12.3,12.71,12.07,12.44,12.3,12.71,12.07,10.78,10.86,11.23,10.63,89.5,91.9,89.5,257,0.848,0,0,0.49,0.848,2.71,0.01,0.118,0.09,0.124,0.074,325.0143,13.19
22/08/2024 15:00,26,948,942,949,503.2,0,12.6,12.67,12.94,12.53,12.6,12.67,12.94,12.53,10.99,10.95,11.21,10.82,89.9,90,88.6,193,1.491,223.4,20.72,1.56,1.491,2.45,0.64,NAN,NAN,NAN,NAN,NAN,12.93
22/08/2024 16:00,27,948,948,949,947,0,12.51,10.45,33.62,-39.95,12.51,10.08,33.62,-50.37,10.53,8.53,31.4,-41.31,87.7,90.1,85.6,296,1.504,228.4,24.84,0.83,1.504,3.34,0.27,0.034,NAN,NAN,NAN,NAN,12.73
22/08/2024 17:00,28,948,948,949,947,0,12.05,12.29,12.65,11.99,12.05,12.29,12.65,11.99,10.62,10.61,11.1,10.37,90.9,91.3,87.5,236,0.728,0,0,0.28,0.728,2.95,0.04,0,0.012,0.041,0,44.39677,13.01
22/08/2024 18:00,29,949,948,949,947,0,10.76,11.36,12.33,10.76,10.76,11.36,12.33,10.76,9.87,10.25,10.83,9.84,94.1,94.9,90,211,1.613,229.7,24.74,1.06,1.613,4,0.18,0,0,0,0,0,12.81
22/08/2024 19:00,30,948,949,949,948,0,10.97,10.87,11.24,10.7,10.97,10.87,11.24,10.7,10.17,10,10.41,9.78,94.8,95,93.4,223,0.992,241.7,35.56,1,0.992,3.35,0.06,0,0,0,0,0,12.76
22/08/2024 20:00,31,950,949,950,948,0.25,10.77,10.72,11.1,10.56,10.77,10.72,11.1,10.56,9.88,9.83,10.24,9.59,94.2,94.8,93.7,102,0.826,200.4,58.09,0.53,0.826,2.62,0.06,0,0,0,0,0,12.74
22/08/2024 21:00,32,949,949,950,949,0,11.17,11.04,11.45,10.77,11.17,11.04,11.45,10.77,10.22,9.97,10.43,9.74,93.8,94.2,92,108,0.703,0,0,0.32,0.703,2.79,0.02,0,0,0,0,0,12.72
22/08/2024 22:00,33,949,949,950,948,0,11.44,11.18,11.61,10.97,11.44,11.18,11.61,10.97,10.13,10.08,10.41,9.92,91.6,94,91,114,0.592,0,0,0.56,0.592,1.34,0.01,0,0,0,0,0,12.71
22/08/2024 23:00,34,949,949,950,948,0,11.24,11.36,11.72,11.21,11.24,11.36,11.72,11.21,9.98,10.02,10.41,9.82,91.9,92.4,90.5,188,0.878,0,0,0.6,0.878,2.48,0.02,0,0,0,0,0,12.7
23/08/2024 00:00,35,948,948,949,947,0,11.04,11.31,11.65,10.97,11.04,11.31,11.65,10.97,9.93,10.07,10.41,9.83,92.9,93,91.3,59,0.727,0,0,1.11,0.727,2.48,0.02,0,0,0,0,0,12.69
23/08/2024 01:00,36,948,948,948,947,0,10.57,10.57,11.14,10.39,10.57,10.57,11.14,10.39,9.75,9.64,10.14,9.42,94.7,94.9,93,190,0.903,111.3,47.1,0.16,0.903,3.01,0,0,0,0,0,0,12.68
23/08/2024 02:00,37,947,947,948,946,0,10.36,10.5,10.8,10.36,10.36,10.5,10.8,10.36,9.61,9.61,10,9.4,95,95.1,93.2,23,0.79,0,0,0.93,0.79,1.73,0.01,0,0,0,0,0,12.67
23/08/2024 03:00,38,946,946,947,946,0,10.37,10.33,10.6,10.16,10.37,10.33,10.6,10.16,9.63,9.59,9.87,9.41,95.1,95.5,94.6,309,0.507,0,0,0.26,0.507,1.64,0.01,0,0,0,0,0,12.66
23/08/2024 04:00,39,946,946,947,945,0,10.37,10.38,10.67,10.23,10.37,10.38,10.67,10.23,9.5,9.6,9.97,9.39,94.3,95.5,94.2,337,0.538,0,0,0.35,0.538,1.64,0.02,0,0,0,0,0,12.63
23/08/2024 05:00,40,946,946,947,945,0,10.23,10.28,10.67,9.96,10.23,10.28,10.67,9.41,9.46,9.49,9.92,9.15,94.9,95.2,94.2,56,0.651,0,0,1.51,0.651,2.14,0,0,0,0,0,0,12.61
23/08/2024 06:00,41,946,946,947,945,0,10.09,10.05,10.37,9.92,10.09,10.03,10.37,9.11,9.22,9.21,9.52,9.06,94.2,95.2,94,22,0.987,0,0,0.94,0.987,2.18,0.03,0,0,0,0,0,12.59
23/08/2024 07:00,42,948,947,948,946,0,10.06,10.15,10.5,10.03,10.06,10.15,10.5,10.03,9.08,9.27,9.66,9,93.6,95,93.1,196,0.668,0,0,0.53,0.668,2.13,0.02,0,0,0,0,0,12.58
23/08/2024 08:00,43,947,948,948,947,0,10.37,10.35,10.71,10.03,10.37,10.35,10.71,10.03,8.88,9.13,9.55,8.74,90.4,94,89.6,260,0.635,0,0,0.57,0.635,2.22,0.02,0.094,0.045,0.094,0,161.9479,12.64
23/08/2024 09:00,44,949,948,949,947,0,11.37,10.96,11.65,10.37,11.37,10.96,11.65,10.37,9.02,9.01,9.6,8.66,85.4,91.3,84.4,154,0.779,0,0,1.6,0.779,2.26,0.01,0.273,0.192,0.273,0.094,691.3093,13.18
23/08/2024 10:00,45,949,949,949,948,0,12.51,11.77,12.68,11.37,12.51,11.77,12.68,11.37,9.89,9.4,10.29,8.86,84,87.5,82.9,247,1.254,193.3,41.09,1.34,1.254,3.18,0.13,0.3,0.28,0.355,0.229,1009.251,13.29
23/08/2024 11:00,46,949,949,949,948,0,12.5,12.46,13.05,12.1,12.5,12.46,13.05,12.1,9.42,9.54,9.99,9.22,81.4,85,79.61,176,1.473,201.9,29.26,2.29,1.473,3.39,0.25,0.242,0.284,0.319,0.23,1023.257,13.27
23/08/2024 12:00,47,948,949,949,948,0,13.55,12.96,13.86,12.37,13.55,12.96,13.86,12.37,9.47,9.53,10.23,9.09,76.25,82.5,76.25,252,1.49,208.7,33.68,2.15,1.49,3.19,0.05,0.299,0.297,0.335,0.243,1067.774,13.27
23/08/2024 13:00,48,948,948,949,948,0,15.07,13.82,15.14,12.98,15.07,13.82,15.14,12.98,10.14,9.76,10.65,9.26,72.3,79.71,72.23,170,1.2,0,0,1.69,1.2,3.68,0.04,0.879,0.498,1.008,0.278,1794.276,13.22
23/08/2024 14:00,49,947,948,949,947,0,16.19,15.24,16.4,14.28,16.19,15.24,16.4,14.28,11.04,10.26,11.04,9.64,71.45,75.81,67.46,230,1.32,0,0,2.09,1.32,3.77,0.04,0.713,0.72,1.06,0.387,2590.5,13.18
23/08/2024 15:00,50,947,947,948,946,0,14.67,15.39,16.09,14.64,14.67,15.39,16.09,14.64,10.51,10.65,11.15,10.29,76.06,76.81,70.23,243,1.963,237.2,28.15,1.71,1.963,4.14,0.07,0.21,0.545,0.731,0.173,1961.166,13.18
23/08/2024 16:00,51,947,947,948,946,0,14.05,14.25,14.94,13.88,14.05,14.25,14.94,13.88,10.63,10.64,11.07,10.45,79.77,80.8,76.2,278,1.417,0,0,1.18,1.417,3.9,0.04,0.136,0.225,0.339,0.136,811.6222,13.21
23/08/2024 17:00,52,947,947,948,946,0,13.73,13.86,14.32,13.62,13.73,13.86,14.32,13.62,10.63,10.65,11.01,10.49,81.5,82.1,79.29,133,1.239,238.1,28.65,0.63,1.239,2.88,0.13,0.042,0.117,0.195,0.042,420.4184,13.27
23/08/2024 18:00,53,947,947,948,946,0,12.66,13.38,13.93,12.66,12.66,13.38,13.93,12.66,10.32,10.6,10.93,10.32,85.6,86.1,81.1,207,1.055,0,0,1.58,1.055,3.21,0.03,0,0.008,0.042,0,28.90693,12.91
23/08/2024 19:00,54,948,948,948,947,0,12.12,12.29,12.8,12.05,12.12,12.29,12.8,12.05,10.13,10.24,10.57,10.1,87.6,88.5,85.5,217,1.133,226.1,28.33,1.37,1.133,2.73,0.19,0,0,0,0,0,12.79
23/08/2024 20:00,55,949,948,949,947,0,11.65,11.81,12.43,11.51,11.65,11.81,12.43,11.51,10.06,10.08,10.44,9.94,89.9,91,87.1,228,1.172,217.5,27.98,0.71,1.172,2.55,0.08,0,0,0,0,0,12.75
23/08/2024 21:00,56,948,948,949,948,0,11.85,11.59,11.99,11.31,11.85,11.59,11.99,11.31,10.22,10.1,10.46,9.92,89.7,91.7,89.5,215,0.722,0,0,0.45,0.722,2.19,0.01,0,0,0,0,0,12.73
23/08/2024 22:00,57,949,948,949,948,0,11.58,11.77,12.16,11.54,11.58,11.77,12.16,11.54,10.2,10.21,10.52,10.11,91.2,91.4,89.1,172,0.804,0,0,0.22,0.804,1.61,0.02,0,0,0,0,0,12.71
23/08/2024 23:00,58,948,948,949,947,0,11.71,11.62,11.95,11.51,11.71,11.62,11.95,11.51,10.35,10.28,10.63,10.15,91.3,91.9,90.9,312,0.7,0,0,0.23,0.7,2,0.04,0,0,0,0,0,12.7
24/08/2024 00:00,59,947,948,949,947,0,11.31,11.55,12.02,11.24,11.31,11.55,12.02,11.24,10.18,10.27,10.62,10.13,92.7,93.4,90.3,313,0.785,0,0,0.43,0.785,1.83,0.01,0,0,0,0,0,12.69
24/08/2024 01:00,60,947,947,948,946,0,11.04,11.2,11.51,11.04,11.04,11.2,11.51,11.04,10.02,10.16,10.46,10,93.4,93.9,92.5,340,0.724,0,0,0.71,0.724,2.06,0.01,0,0,0,0,0,12.68
24/08/2024 02:00,61,946,947,947,946,0,10.97,11,11.37,10.9,10.97,11,11.37,10.9,9.9,9.95,10.39,9.7,93.1,94,92.1,174,0.644,0,0,0.84,0.644,1.91,0.02,0,0,0,0,0,12.66
24/08/2024 03:00,62,946,946,947,945,0,10.49,10.69,11.17,10.49,10.49,10.69,11.17,10.49,9.51,9.74,10.15,9.42,93.6,94.7,93,63,0.803,166,64.3,1.12,0.803,2.03,0.05,0,0,0,0,0,12.65
24/08/2024 04:00,63,945,945,946,945,0,9.35,9.69,10.63,9.01,9.35,9.6,10.63,8.25,8.64,8.84,9.68,8.17,95.3,95.5,92.7,118,1.224,84.8,24.31,1.25,1.224,2.69,0.21,0,0,0,0,0,12.63
24/08/2024 05:00,64,946,945,946,945,0,9.35,9.55,10.06,9.08,9.35,9.49,10.06,8.58,8.39,8.78,9.31,8.3,93.7,95.7,93.6,113,0.999,62.18,33.99,1.21,0.999,2.17,0.13,0,0,0,0,0,12.61
24/08/2024 06:00,65,946,946,947,945,0,9.76,9.49,10,9.21,9.76,9.47,10,8.58,8.9,8.64,9.23,8.31,94.3,95.1,93.7,112,0.574,0,0,0.31,0.574,1.76,0.01,0,0,0,0,0,12.58
24/08/2024 07:00,66,947,947,947,946,0,9.41,9.76,10.16,9.38,8.86,9.59,10.16,8.02,8.09,8.6,9.26,8.02,91.4,94.6,90.3,90,0.917,0,0,1.33,0.917,2.9,0.03,0.058,0.015,0.058,0,54.20198,12.58
24/08/2024 08:00,67,947,947,948,946,0,10.23,9.98,10.64,9.41,10.23,9.95,10.64,8.41,8.74,8.57,9.12,8.09,90.4,92.1,89.1,254,0.908,0,0,0.41,0.907,2.6,0.04,0.107,0.089,0.108,0.058,320.5695,12.82
24/08/2024 09:00,68,948,948,949,947,0,10.9,10.82,11.37,10.23,10.9,10.82,11.37,10.23,9.03,9.05,9.57,8.76,88.2,91,86.5,244,0.787,0,0,1.43,0.787,2.32,0.01,0.154,0.137,0.161,0.107,493.4484,13.34
24/08/2024 10:00,69,949,948,949,948,0,11.51,11.01,11.65,10.7,11.51,11.01,11.65,10.7,9.44,9.17,9.66,8.88,87,89.7,87,182,1.04,0,0,0.43,1.04,3.29,0.02,0.266,0.191,0.266,0.154,688.2984,13.33
24/08/2024 11:00,70,948,948,949,948,0,12.4,11.88,12.58,11.29,12.4,11.88,12.58,11.29,9.67,9.44,9.92,9,83.4,87.6,82.4,170,1.199,203.3,58.52,0.94,1.199,3.02,0.06,0.485,0.377,0.763,0.265,1356.083,13.28
24/08/2024 12:00,71,948,948,949,947,0,14.92,13.72,15.4,12.37,14.92,13.72,15.4,12.37,9.78,9.64,10.31,9.26,71.26,83.3,69.64,228,1.138,228.2,60.87,1.47,1.138,3.17,0.06,0.916,0.809,1.121,0.487,2913.222,13.21
24/08/2024 13:00,72,947,947,948,946,0,16.66,15.79,16.8,14.71,16.66,15.79,16.8,14.71,9.9,9.81,10.41,9.44,64.26,72.62,63.99,225,1.57,0,0,1.29,1.57,3.99,0.03,0.843,0.891,0.92,0.84,3207.567,13.18
24/08/2024 14:00,73,946,947,947,946,0,18.36,17.67,19.24,16.39,18.36,17.67,19.24,16.39,9.29,9.75,10.38,9.04,55.44,65.68,53.54,236,1.488,230.2,42.81,3.84,1.488,3.98,0.06,0.714,0.78,0.853,0.711,2809.229,13.16
24/08/2024 15:00,74,946,947,947,946,0,19.24,18.69,19.41,18.01,19.24,18.69,19.41,18.01,9.55,8.94,9.55,8.59,53.37,56.32,50.36,244,1.744,234.9,36.77,1.59,1.744,4.35,0.14,0.494,0.61,0.714,0.494,2194.587,13.15
24/08/2024 16:00,75,947,947,948,946,0,15.99,17.56,19.14,15.99,15.99,17.56,19.14,15.99,9.6,9.63,10.2,8.99,65.75,65.75,52.8,217,2.242,235.7,21.58,2.31,2.242,5.71,0.43,0.184,0.339,0.494,0.179,1220.157,13.15
24/08/2024 17:00,76,947,947,948,947,0,14.87,15.44,16.26,14.6,14.87,15.44,16.26,14.6,9.63,9.56,9.98,9.33,70.81,71.01,65.55,182,1.655,233.9,26.11,1.29,1.655,3.78,0.08,0,0.081,0.199,0,289.9796,13.16
24/08/2024 18:00,77,948,948,948,947,0,12.39,13.4,14.94,12.39,12.39,13.4,14.94,12.39,9.1,9.21,9.67,9.02,80.3,80.5,70.34,239,1.635,234.8,22.89,1.71,1.635,3.87,0.12,0,0,0,0,0,12.86
24/08/2024 19:00,78,948,948,949,947,0,11.85,11.99,12.52,11.68,11.85,11.99,12.52,11.68,9.19,9.24,9.57,9.06,83.7,84.6,80.4,184,1.28,219.2,30.43,1.36,1.28,4.29,0.13,0,0,0,0,0,12.77
24/08/2024 20:00,79,949,949,950,948,0,11.71,11.84,12.19,11.68,11.71,11.84,12.19,11.68,9.34,9.32,9.7,9.15,85.3,85.3,83.7,182,1.042,211.2,41.95,1.06,1.042,2.28,0.06,0,0,0,0,0,12.74
24/08/2024 21:00,80,950,949,950,948,0,11.51,11.5,11.92,11.31,11.51,11.5,11.92,11.31,9.28,9.33,9.66,9.21,86.1,87.6,85.3,230,1.225,212.3,24.08,1.02,1.225,2.53,0.09,0,0,0,0,0,12.72
24/08/2024 22:00,81,949,949,950,949,0,11.58,11.53,11.92,11.37,11.58,11.53,11.92,11.37,9.21,9.28,9.64,9.17,85.3,87,85,177,1.002,206,45.9,1.44,1.002,2.32,0.11,0,0,0,0,0,12.71
24/08/2024 23:00,82,949,949,950,949,0,11.44,11.58,11.92,11.44,11.44,11.58,11.92,11.44,9.13,9.24,9.56,9.13,85.7,86.1,84.5,235,1.085,0,0,1.6,1.085,2.29,0.02,0,0,0,0,0,12.69
25/08/2024 00:00,83,950,950,950,949,0,11.1,11.23,11.65,11,11.1,11.23,11.65,11,9.09,9.14,9.47,9,87.4,87.8,85.7,283,0.883,0,0,0.71,0.883,2.35,0.04,0,0,0,0,0,12.68
25/08/2024 01:00,84,949,949,950,949,0,11.24,11.03,11.37,10.83,11.24,11.03,11.37,10.83,9.21,9.02,9.32,8.89,87.3,88.3,86.7,167,0.886,224.6,57.28,1.36,0.886,2.59,0.09,0,0,0,0,0,12.67
25/08/2024 02:00,85,949,949,950,948,0,10.9,10.92,11.31,10.76,10.9,10.92,11.31,10.76,8.75,8.87,9.21,8.71,86.5,88.4,86.3,195,0.884,221,51.47,1.69,0.884,2.36,0.11,0,0,0,0,0,12.65
25/08/2024 03:00,86,948,949,949,948,0,10.56,10.71,11.1,10.56,10.56,10.71,11.1,10.56,8.57,8.66,9,8.5,87.4,88.2,86.1,124,0.947,138.1,87.5,0.63,0.947,2.35,0.08,0,0,0,0,0,12.63
25/08/2024 04:00,87,949,949,949,948,0,10.47,10.63,10.97,10.43,10.47,10.63,10.97,10.43,8.2,8.45,8.84,8.13,85.8,87.8,85.3,109,0.925,135.8,44.84,0.72,0.925,2.44,0.05,0,0,0,0,0,12.61
25/08/2024 05:00,88,949,949,950,948,0,9.42,10.12,10.6,9.41,8.34,9.88,10.6,7.597,7.534,7.971,8.46,7.488,88,88.1,85.4,90,1.422,87.5,27.56,2.34,1.422,3.53,0.06,0,0,0,0,0,12.58
25/08/2024 06:00,89,950,949,950,948,0,8.94,9.35,9.69,8.88,8.09,8.99,9.69,7.485,7.558,7.554,7.939,7.31,91,91,87.2,104,1.367,84.8,27.54,1.67,1.367,3.18,0.12,0,0,0,0,0,12.56
25/08/2024 07:00,90,949,949,950,949,0,9.35,8.38,9.46,7.861,9.35,8.15,9.46,6.837,6.925,6.967,7.741,6.541,84.7,93.3,84.7,83,1.114,98.6,28.57,0.43,1.114,2.52,0.06,0.227,0.092,0.227,0,332.141,12.56
25/08/2024 08:00,91,950,950,950,949,0,12.04,11.06,12.39,9.42,12.04,11.06,12.39,9.42,7.61,7.341,8,6.871,74.24,84.7,73.58,196,0.528,0,0,0.74,0.528,1.43,0.01,0.472,0.343,0.476,0.227,1234.358,13.29
25/08/2024 09:00,92,950,950,951,949,0,13.85,13.08,14.05,12.04,13.85,13.08,14.05,12.04,8.34,8.02,8.53,7.541,69.31,74.43,67.99,228,1.269,229.1,32.36,1.41,1.269,3.5,0.07,0.703,0.603,0.703,0.473,2171.5,13.22
25/08/2024 10:00,93,950,950,951,949,0,16.19,15.05,16.71,13.85,16.19,15.05,16.71,13.85,8.41,8.43,8.95,8.12,59.92,69.72,59.18,247,1.287,230.1,39.52,1.5,1.287,3.66,0.07,0.855,0.784,0.855,0.703,2823.152,13.17
25/08/2024 11:00,94,949,950,950,949,0,17.41,16.8,17.95,16.05,17.41,16.8,17.95,16.05,8.33,8.62,9.33,8.06,55.14,62.56,53.54,232,1.568,0,0,1.77,1.568,3.63,0.01,0.934,0.901,0.935,0.855,3242.048,13.16
25/08/2024 12:00,95,948,949,950,948,0,19.43,18.63,19.91,17.2,19.43,18.63,19.91,17.2,8,8.17,8.88,7.643,47.5,55.71,46.01,262,1.53,223.3,41.24,1.16,1.53,4.21,0.14,0.938,0.944,0.95,0.933,3397.543,13.13
25/08/2024 13:00,96,949,949,949,948,0,20.71,20.39,21.62,19.36,20.71,20.39,21.62,19.36,8.43,8.12,8.95,7.649,45.19,48.62,41.87,255,1.675,244.5,38.89,0.71,1.675,4.19,0.11,0.872,0.91,0.942,0.871,3276.727,13.11
25/08/2024 14:00,97,947,948,949,947,0,21.58,21.44,22.19,20.64,21.58,21.44,22.19,20.64,8.58,8.56,9.21,8.1,43.28,46.48,41.52,218,1.852,244.9,35.1,1.22,1.852,4.91,0.07,0.723,0.802,0.872,0.723,2888.507,13.09
25/08/2024 15:00,98,948,948,948,947,0,20.57,21.12,22.12,20.47,20.57,21.12,22.12,20.47,9.5,9.08,9.85,8.53,48.98,49.05,43.22,254,2.074,234.5,28.61,4.43,2.074,4.95,0.15,0.518,0.625,0.724,0.517,2250.192,13.09
25/08/2024 16:00,99,948,948,949,947,0,17.74,19.11,20.57,17.74,17.74,19.11,20.57,17.74,9.82,9.81,10.24,9.53,59.71,59.71,49.12,207,2.206,237,23.26,1.75,2.206,4.92,0.29,0.273,0.395,0.519,0.273,1421.33,13.11
25/08/2024 17:00,100,949,948,949,947,0,16.31,16.95,18.02,16,16.31,16.95,18.02,16,10.11,9.9,10.24,9.79,66.66,66.86,59.3,234,1.632,0,0,1.28,1.632,3.45,0.03,0,0.097,0.273,0,350.993,13.1
25/08/2024 18:00,101,949,949,949,948,0,14.41,15.31,16.35,14.41,14.41,15.31,16.35,14.41,10,9.94,10.24,9.82,74.76,74.9,66.22,232,1.393,234.7,23.58,1.49,1.393,2.78,0.05,0,0,0,0,0,12.84
25/08/2024 19:00,102,950,949,950,948,0,12.53,13.44,14.54,12.49,12.53,13.44,14.54,12.49,9.79,9.91,10.3,9.68,83.3,83.5,74.76,181,1.325,240.2,24.27,1.03,1.325,3.6,0.07,0,0,0,0,0,12.75
25/08/2024 20:00,103,950,950,951,949,0,11.92,12.22,12.66,11.85,11.92,12.22,12.66,11.85,9.86,9.85,10.18,9.68,87.2,87.7,83.1,304,1.156,0,0,0.72,1.156,2.8,0.04,0,0,0,0,0,12.72
25/08/2024 21:00,104,951,950,951,950,0,12.15,12.1,12.53,11.85,12.15,12.1,12.53,11.85,9.77,9.83,10.18,9.69,85.3,87.5,84.6,73,1.047,0,0,0.74,1.047,3.41,0.04,0,0,0,0,0,12.7
25/08/2024 22:00,105,951,950,951,950,0,12.13,12,12.46,11.68,12.13,12,12.46,11.68,9.66,9.65,10.02,9.47,84.8,86.7,84.7,211,0.693,0,0,0.77,0.693,2.12,0.04,0,0,0,0,0,12.68
25/08/2024 23:00,106,950,950,951,949,0,12.03,12,12.3,11.86,12.03,12,12.3,11.86,9.79,9.76,10.1,9.48,86.1,87.2,84.6,209,0.782,0,0,0.74,0.782,2.02,0.04,0,0,0,0,0,12.67
26/08/2024 00:00,107,950,950,951,949,0,11.71,11.76,12.33,11.48,11.71,11.76,12.33,11.48,9.77,9.82,10.19,9.69,87.8,89.4,85.7,182,0.843,0,0,0.23,0.843,2.36,0.04,0,0,0,0,0,12.65
26/08/2024 01:00,108,949,949,950,949,0,11.65,11.58,11.99,11.31,11.65,11.58,11.99,11.31,9.57,9.56,10.07,9.21,87,88.2,86.6,45,0.9,0,0,0.76,0.9,1.88,0.04,0,0,0,0,0,12.64
26/08/2024 02:00,109,949,949,950,948,0,10.91,10.94,11.58,10.66,10.91,10.94,11.58,10.66,9.05,9.08,9.48,8.95,88.3,89.4,86.4,96,0.906,109.4,48.97,0.47,0.906,2,0.08,0,0,0,0,0,12.62
26/08/2024 03:00,110,948,949,949,948,0,10.16,10.85,11.31,10.12,10.16,10.85,11.31,10.12,8.51,9.07,9.53,8.44,89.5,89.5,87.5,114,0.989,119,45.7,1.4,0.989,3.2,0.07,0,0,0,0,0,12.59
26/08/2024 04:00,111,949,949,949,948,0,9.55,9.96,10.3,9.55,9.07,9.76,10.3,8.24,8.14,8.39,8.78,8.04,90.8,91,89.2,58,1.449,92.3,22.98,0.89,1.449,3.08,0.19,0,0,0,0,0,12.57
26/08/2024 05:00,112,948,948,949,948,0,8.68,8.76,9.69,8.43,8.68,8.52,9.69,7.403,7.607,7.722,8.35,7.409,93,94.3,90.5,79,1.092,0,0,0.64,1.092,2.8,0.04,0,0,0,0,0,12.54
26/08/2024 06:00,113,949,948,949,948,0,8.56,8.64,9.09,8.42,8.56,8.64,9.09,8.42,7.333,7.384,7.779,7.079,92,92.9,90.9,68,0.344,0,0,0.22,0.344,1.1,0.02,0,0,0,0,0,12.52
26/08/2024 07:00,114,949,949,950,948,0,10.11,9.48,10.42,8.56,10.11,9.38,10.42,8.29,7.461,7.861,8.4,7.235,83.5,92.9,83.2,46,0.839,0,0,1.71,0.839,3.06,0.02,0.21,0.077,0.21,0,276.6288,12.54
26/08/2024 08:00,115,949,949,950,948,0,14.56,13.01,15.58,10.11,14.56,13.01,15.58,10.11,7.015,6.094,7.811,4.265,60.49,84.2,48.8,245,0.969,0,0,2.49,0.969,2.75,0.02,0.457,0.336,0.457,0.211,1210.753,13.28
26/08/2024 09:00,116,949,949,950,949,0,14.35,14.13,14.87,13.78,14.35,14.13,14.87,13.78,7.863,8,8.67,6.846,64.97,69.32,60.6,230,1.534,229.6,26.06,1.75,1.534,3.27,0.14,0.686,0.578,0.686,0.456,2080.105,13.21
26/08/2024 10:00,117,949,949,950,949,0,15.72,15.32,16.09,14.28,15.72,15.32,16.09,14.28,8.85,8.33,9.22,7.596,63.59,64.97,61.02,237,1.743,236.2,28.66,0.66,1.743,3.86,0.13,0.844,0.768,0.846,0.687,2764.975,13.18
26/08/2024 11:00,118,949,949,950,948,0,16.9,16.17,16.9,15.45,16.9,16.17,16.9,15.45,8.96,8.87,9.47,8.53,59.44,66.3,59.17,234,1.662,229.6,36.56,2.38,1.662,4.78,0.07,0.914,0.883,0.914,0.842,3178.349,13.16
26/08/2024 12:00,119,948,948,949,947,0,18.32,17.75,18.83,16.86,18.32,17.75,18.83,16.86,8.89,8.89,9.35,8.4,54.08,59.1,53.17,156,1.549,209.8,45.57,0.86,1.549,4.17,0.05,0.917,0.922,0.928,0.914,3318.517,13.14
26/08/2024 13:00,120,947,947,948,947,0,19.08,19.19,20.03,18.22,19.08,19.19,20.03,18.22,9.41,9.37,10.12,8.87,53.39,55.1,51.17,264,1.804,232.8,33.48,2.4,1.804,5.23,0.05,0.855,0.888,0.919,0.847,3198.551,13.12
26/08/2024 14:00,121,946,947,947,946,0,19.96,19.67,20.57,18.91,19.96,19.67,20.57,18.91,9.68,9.53,10.12,9.16,51.49,54.27,49.66,240,1.702,240,35.08,2.38,1.702,4.38,0.14,0.71,0.781,0.853,0.71,2812.595,13.11
26/08/2024 15:00,122,946,946,947,946,0,19.15,19.48,20.5,18.64,19.15,19.48,20.5,18.64,9.79,9.67,10.17,9.39,54.54,55.93,50.24,265,2.1,237,27.06,2.92,2.1,4.76,0.16,0.501,0.608,0.709,0.501,2187.135,13.11
26/08/2024 16:00,123,946,946,947,946,0,17.07,18.19,19.36,17,17.07,18.19,19.36,17,9.85,9.87,10.26,9.63,62.42,62.42,54.48,211,2.137,240.7,23.19,0.99,2.137,4.57,0.35,0.258,0.379,0.501,0.258,1365.584,13.12
26/08/2024 17:00,124,947,946,947,946,0,15.68,16.58,17.61,15.53,15.68,16.58,17.61,15.53,9.93,9.9,10.25,9.77,68.57,69.34,61.34,248,1.751,234.4,27.94,2.39,1.751,3.8,0.08,0.031,0.11,0.258,0.031,395.6645,13.14
26/08/2024 18:00,125,948,947,948,946,0,13.66,14.75,15.81,13.56,13.66,14.75,15.81,13.56,9.77,9.89,10.23,9.65,77.25,77.38,68.57,263,1.1,0,0,1.07,1.1,3.23,0.03,0,0.001,0.031,0,2.28752,12.85
26/08/2024 19:00,126,948,948,949,947,0,12.12,12.93,13.8,12.12,12.12,12.93,13.8,12.12,9.49,9.6,9.96,9.46,83.9,84,77.14,271,1.353,238.4,26.36,2.08,1.353,2.82,0.16,0,0,0,0,0,12.75
26/08/2024 20:00,127,948,948,949,947,0,11.82,11.95,12.46,11.71,11.82,11.95,12.46,11.71,9.41,9.46,9.82,9.31,85.1,85.7,83.6,254,0.886,228.1,36.24,0.37,0.886,2.59,0.09,0,0,0,0,0,12.71
26/08/2024 21:00,128,948,948,949,947,0,11.59,11.54,12.09,11.32,11.59,11.54,12.09,11.32,9.49,9.37,9.72,9.22,86.9,87.6,84.6,215,0.697,0,0,0.76,0.697,2.83,0.03,0,0,0,0,0,12.69
26/08/2024 22:00,129,948,948,949,947,0,11.58,11.6,11.93,11.45,11.58,11.6,11.93,11.45,9.48,9.52,9.83,9.42,86.9,87.7,86.5,258,0.618,0,0,0.63,0.618,1.75,0.04,0,0,0,0,0,12.68
26/08/2024 23:00,130,948,948,949,947,0,11.58,11.65,12.02,11.51,11.58,11.65,12.02,11.51,9.5,9.51,9.81,9.43,87,87.3,85.7,244,0.874,0,0,2.08,0.874,3.38,0,0,0,0,0,0,12.66
27/08/2024 00:00,131,948,948,949,947,0,10.97,11.23,11.71,10.9,10.97,11.23,11.71,10.9,9.28,9.42,9.75,9.27,89.3,90.2,87,16,0.796,0,0,1.08,0.796,3.41,0.01,0,0,0,0,0,12.65
27/08/2024 01:00,132,947,947,948,946,0,11.17,11.23,11.61,10.9,11.17,11.23,11.61,10.9,9.27,9.38,9.69,9.23,88,90.1,87,174,1.048,215.3,61.36,0.37,1.048,2.54,0.08,0,0,0,0,0,12.64
27/08/2024 02:00,133,946,946,947,945,0,11.1,10.96,11.41,10.7,11.1,10.96,11.41,10.7,9.22,9.21,9.54,9.06,88.1,90.3,87.9,50,0.947,159.4,87.4,1.12,0.947,2.88,0.06,0,0,0,0,0,12.62
27/08/2024 03:00,134,946,946,947,945,0,10.91,11.1,11.48,10.7,10.91,11.1,11.48,10.7,9.03,9.13,9.52,8.76,88.1,88.5,86.7,131,0.955,141,55.64,0.58,0.955,3.05,0.05,0,0,0,0,0,12.6
27/08/2024 04:00,135,945,945,946,945,0,10.78,10.73,11.08,10.64,10.78,10.73,11.08,10.64,8.58,8.74,9.1,8.55,86.2,88.4,86.2,154,0.825,0,0,1.25,0.825,2.01,0.04,0,0,0,0,0,12.57
27/08/2024 05:00,136,945,945,946,945,0,10.37,10.64,10.98,10.31,10.37,10.64,10.98,10.31,8.31,8.4,8.86,8.19,87,87.2,84.9,14,0.691,0,0,0.31,0.691,1.92,0.03,0,0,0,0,0,12.54
27/08/2024 06:00,137,947,945,947,944,0,10.24,10.54,11.02,10.24,10.24,10.54,11.02,10.24,8.92,8.41,9.14,8,91.5,91.5,83.6,217,1.187,190.6,89.7,2.08,1.187,3.72,0.12,0,0,0,0,0,12.52
27/08/2024 07:00,138,947,947,948,946,0,10.23,10.22,10.54,10.1,10.23,10.22,10.54,10.1,8.97,8.99,9.32,8.85,91.9,92.7,91.3,95,0.953,0,0,1.09,0.953,3.29,0.03,0.051,0.007,0.051,0,23.77658,12.53
27/08/2024 08:00,139,948,948,948,947,0,11.71,10.68,11.82,10.09,11.71,10.68,11.82,10.09,9.22,8.97,9.38,8.74,84.6,92.1,84.1,60,1.024,0,0,0.35,1.024,2.43,0.04,0.439,0.191,0.465,0.046,687.042,12.69
27/08/2024 09:00,140,949,948,949,947,0,12.7,12.71,13.8,11.58,12.7,12.71,13.8,11.58,8.97,9.19,9.67,8.9,78,84.7,75.65,240,1.609,230.3,42.51,2.43,1.609,5.36,0.05,0.501,0.556,0.847,0.369,2002.667,13.24
27/08/2024 10:00,141,948,948,949,948,0,14.31,13.4,14.65,12.49,14.31,13.4,14.65,12.49,9.24,9.05,9.57,8.78,71.53,79.9,69.91,283,1.371,0,0,0.52,1.371,3.57,0.03,0.812,0.73,0.898,0.312,2627.307,13.2
27/08/2024 11:00,142,947,948,949,947,0,16.46,15.12,16.53,13.83,16.46,15.12,16.53,13.83,9.37,9.15,9.73,8.85,62.83,72.79,62.83,250,1.3,232.4,55.16,1.85,1.3,3.18,0.06,0.892,0.855,0.892,0.81,3079.535,13.17
27/08/2024 12:00,143,947,947,948,946,0,17.88,17.28,18.39,16.39,17.88,17.28,18.39,16.39,9.35,9.38,9.92,9.06,57.34,63.64,56.32,249,1.662,230.7,40.62,3.11,1.662,4.23,0.13,0.892,0.893,0.904,0.879,3215.187,13.14
27/08/2024 13:00,144,945,946,947,945,0,19.1,18.08,19.24,17.41,19.1,18.08,19.24,17.41,9.71,9.5,10.17,9.16,54.42,59.24,54.42,231,1.851,227.8,39.1,1.39,1.851,5.16,0.05,0.823,0.86,0.893,0.823,3097.556,13.13
27/08/2024 14:00,145,945,945,946,944,0,19.56,19.33,20.1,18.45,19.56,19.33,20.1,18.45,9.5,9.67,10.26,9.34,52.17,56.25,51.83,237,1.752,239.6,33.41,1.08,1.752,4.36,0.11,0.683,0.756,0.823,0.683,2720.609,13.11
27/08/2024 15:00,146,945,945,946,944,0,19.35,19.77,20.74,19.29,19.35,19.77,20.74,19.29,9.85,9.82,10.32,9.46,54.07,54.41,50.03,227,2.001,232.8,30.98,2.24,2.001,5.01,0.13,0.486,0.588,0.683,0.486,2116.103,13.11
27/08/2024 16:00,147,945,945,946,944,0,16.66,17.84,19.69,16.63,16.66,17.84,19.69,16.63,9.99,10.1,10.54,9.87,64.66,65.1,54,216,2.242,240.6,24.35,1.37,2.242,5.91,0.22,0.251,0.363,0.486,0.182,1308.52,13.12
27/08/2024 17:00,148,945,945,946,944,0,15.14,16.14,17.34,15.14,15.14,16.14,17.34,15.14,10.02,10.04,10.38,9.91,71.42,71.42,63.07,233,1.877,232.5,25.04,1.52,1.877,4.56,0.17,0.032,0.114,0.251,0.032,409.2679,13.15
27/08/2024 18:00,149,946,946,946,945,0,13.05,14.11,15.34,12.99,13.05,14.11,15.34,12.99,9.87,9.97,10.29,9.81,80.9,81.3,71.42,231,1.565,231.4,26.24,1.29,1.565,3.55,0.24,0,0.001,0.032,0,4.694512,12.85
27/08/2024 19:00,150,946,946,947,945,0,12.53,12.75,13.26,12.39,12.53,12.75,13.26,12.39,9.79,9.84,10.14,9.74,83.4,84.2,80.9,231,1.046,0,0,0.69,1.046,2.61,0.04,0,0,0,0,0,12.76
27/08/2024 20:00,151,946,946,947,946,0,12.33,12.51,12.8,12.26,12.33,12.51,12.8,12.26,9.74,9.82,10.1,9.72,84.2,84.6,82.7,263,1.1,0,0,1.06,1.1,2.74,0.03,0,0,0,0,0,12.72
27/08/2024 21:00,152,947,947,947,946,0,12.53,12.54,12.87,12.26,12.53,12.54,12.87,12.26,9.79,9.82,10.08,9.71,83.4,84.6,82.7,193,0.821,206.1,45.83,1.21,0.821,1.87,0.1,0,0,0,0,0,12.7
27/08/2024 22:00,153,947,946,947,946,0,12.29,12.44,12.8,12.19,12.29,12.44,12.8,12.19,9.75,9.78,10.06,9.67,84.4,84.8,82.8,58,0.95,239.4,49.35,0.05,0.95,2.35,0.05,0,0,0,0,0,12.68
27/08/2024 23:00,154,946,946,947,946,0,12.26,12.24,12.6,12.05,12.26,12.24,12.6,12.05,9.76,9.75,10.08,9.62,84.6,85.5,83.8,181,0.812,0,0,0.15,0.812,2.16,0.03,0,0,0,0,0,12.67
28/08/2024 00:00,155,947,946,947,945,0,11.85,12.19,12.53,11.82,11.85,12.19,12.53,11.82,9.71,9.74,10.07,9.63,86.7,86.9,84.1,295,1.156,230.7,32.26,0.71,1.156,3.12,0.06,0,0,0,0,0,12.65
28/08/2024 01:00,156,946,946,947,945,0,11.85,11.84,12.19,11.71,11.85,11.84,12.19,11.71,9.71,9.7,10,9.58,86.7,87.4,85.9,309,0.586,0,0,0.47,0.586,1.88,0.01,0,0,0,0,0,12.64
28/08/2024 02:00,157,946,946,946,945,0,11.58,11.85,12.29,11.58,11.58,11.85,12.29,11.58,9.57,9.68,9.97,9.55,87.4,87.7,85.3,227,1.275,221.5,26.55,1.08,1.275,2.73,0.31,0,0,0,0,0,12.62
28/08/2024 03:00,158,946,946,947,945,0,11.58,11.58,11.95,11.48,11.58,11.58,11.95,11.48,9.55,9.6,9.9,9.47,87.3,88.2,86.9,227,0.893,0,0,0.91,0.893,2.45,0.02,0,0,0,0,0,12.6
28/08/2024 04:00,159,945,946,947,945,0,11.58,11.56,11.85,11.44,11.58,11.56,11.85,11.44,9.44,9.49,9.79,9.32,86.7,87.8,86.3,337,0.916,260.9,79.66,1.3,0.916,2.3,0.05,0,0,0,0,0,12.57
28/08/2024 05:00,160,946,946,946,945,0,11.71,11.54,11.88,11.37,11.71,11.54,11.88,11.37,9.43,9.43,9.7,9.32,85.8,88,85.8,332,0.875,0,0,1.41,0.875,2.23,0.04,0,0,0,0,0,12.54
28/08/2024 06:00,161,946,946,947,945,0,11.71,11.74,12.05,11.58,11.71,11.74,12.05,11.58,9.64,9.53,9.91,9.35,87,87.7,84.9,235,0.951,220.5,35.43,0.92,0.951,3.1,0.07,0,0,0,0,0,12.53
28/08/2024 07:00,162,947,947,948,946,0,11.65,11.71,12.05,11.54,11.65,11.71,12.05,11.54,9.67,9.71,10.07,9.56,87.6,88.4,86.9,279,0.792,0,0,0.66,0.792,2.35,0.03,0,0.012,0.041,0,42.33506,12.53
28/08/2024 08:00,163,947,947,948,947,0,12.66,12.07,12.73,11.65,12.66,12.07,12.73,11.65,9.37,9.38,9.87,9.15,80.3,87.5,79.99,345,0.805,0,0,1.84,0.805,1.84,0.01,0.161,0.075,0.161,0,270.9826,12.7
28/08/2024 09:00,164,947,947,948,947,0,14.53,13.46,15.18,12.46,14.53,13.46,15.18,12.46,9.19,9.09,9.56,8.93,70.27,80.2,68.17,178,0.934,0,0,1.07,0.934,2.59,0.02,0.475,0.495,0.708,0.162,1781.211,13.21
28/08/2024 10:00,165,947,947,948,946,0,16.47,15.42,16.71,14.39,16.47,15.42,16.71,14.39,9.93,9.52,10.24,9.05,65.22,70.74,65.22,210,1.056,0,0,0.92,1.056,2.53,0.03,0.84,0.635,0.845,0.322,2287.563,13.17
28/08/2024 11:00,166,947,947,948,946,0,17.47,17.1,18.08,16.13,17.47,17.1,18.08,16.13,10.28,10.18,10.66,9.83,62.63,67.18,60.39,189,1.428,0,0,1.13,1.428,4.17,0.04,0.619,0.832,0.983,0.349,2993.85,13.14
28/08/2024 12:00,167,946,946,947,945,0,18.76,18.49,19.2,17.47,18.76,18.49,19.2,17.47,10.49,10.5,11.04,10.12,58.56,62.63,57.81,160,1.904,232.6,33.9,0.82,1.904,4.75,0.18,0.917,0.882,0.984,0.611,3173.488,13.13
28/08/2024 13:00,168,945,946,946,945,0,18.68,18.96,19.66,18.34,18.68,18.96,19.66,18.34,10.44,10.51,10.94,10.23,58.68,59.9,56.03,298,2.197,233.7,32.41,1.43,2.197,5.27,0.08,0.834,0.859,0.927,0.605,3092.81,13.12
28/08/2024 14:00,169,945,945,946,945,0,18.02,18.49,19.49,17.8,18.02,18.49,19.49,17.8,10.57,10.63,11.16,10.31,61.68,62.62,56.24,235,2.364,235.9,28.33,2.61,2.364,6.22,0.06,0.694,0.75,0.835,0.378,2700.212,13.12
28/08/2024 15:00,170,946,945,946,945,0,16.73,17.35,18.56,16.53,16.73,17.35,18.56,16.53,10.49,10.56,10.93,10.37,66.56,67.34,60.32,234,2.435,234.6,26.66,3.11,2.435,5.23,0.1,0.422,0.553,0.696,0.324,1989.649,13.13
28/08/2024 16:00,171,947,946,947,945,0,15.18,15.98,17,15.04,15.18,15.98,17,15.04,10.27,10.4,10.74,10.2,72.41,73.39,66.02,200,2.218,227.4,26.04,2.75,2.218,5.9,0.07,0.164,0.361,0.495,0.138,1298.451,13.16
28/08/2024 17:00,172,947,947,947,946,0,13.44,14.13,15.22,13.31,13.44,14.13,15.22,13.31,10.06,10.17,10.53,10.04,79.9,80.6,72.41,222,2.041,228.3,23.68,2.55,2.041,5.34,0.17,0,0.061,0.163,0,220.8432,13.09
28/08/2024 18:00,173,948,947,948,946,0,13.05,13.18,13.65,12.91,13.05,13.18,13.65,12.91,10.11,10.09,10.38,9.95,82.3,82.6,79.9,252,1.287,233.1,32.64,0.98,1.287,4.09,0.05,0,0,0,0,0,12.83
28/08/2024 19:00,174,947,947,948,947,0,12.92,13.06,13.39,12.85,12.92,13.06,13.39,12.85,10.05,10.11,10.41,10.01,82.6,83.2,81.5,174,0.989,237.9,36,1.39,0.989,2.64,0.06,0,0,0,0,0,12.75
28/08/2024 20:00,175,947,947,948,947,0,12.66,12.77,13.13,12.6,12.66,12.77,13.13,12.6,10.17,10.12,10.48,10,84.7,84.9,82.7,235,1.206,233.3,29.7,2.16,1.206,2.33,0.13,0,0,0,0,0,12.72
28/08/2024 21:00,176,949,948,950,947,0,11.99,12.43,12.97,11.88,11.99,12.43,12.97,11.88,10.01,10.08,10.47,9.9,87.6,88,84,224,1.611,232.8,23.22,2.53,1.611,3.67,0.08,0,0,0,0,0,12.7
28/08/2024 22:00,177,949,949,950,948,0,11.78,11.91,12.26,11.75,11.78,11.91,12.26,11.75,10.16,10.08,10.43,9.91,89.7,90.1,86.7,246,1.186,231.6,30.05,2.06,1.186,3.25,0.07,0,0,0,0,0,12.68
28/08/2024 23:00,178,948,949,950,948,0,11.65,11.69,12.02,11.58,11.65,11.69,12.02,11.58,10.32,10.33,10.73,10.14,91.5,92.5,89.7,247,0.956,213.7,35.19,0.93,0.956,2.43,0.05,0,0,0,0,0,12.66
29/08/2024 00:00,179,948,948,949,947,0,11.65,11.76,12.12,11.61,11.65,11.76,12.12,11.61,10.27,10.19,10.63,9.9,91.2,91.8,88.6,297,0.735,0,0,1.05,0.735,2.19,0,0,0,0,0,0,12.65
29/08/2024 01:00,180,947,948,948,947,0,11.31,11.48,11.78,11.31,11.31,11.48,11.78,11.31,10.11,10.2,10.55,10.06,92.3,93,91,265,1.111,229.8,21.99,0.78,1.111,2.2,0.27,0,0,0,0,0,12.63
29/08/2024 02:00,181,947,947,948,947,0,11.31,11.31,11.65,11.17,11.31,11.31,11.65,11.17,10.14,10.19,10.55,10.03,92.4,93.8,92.1,218,0.932,231,35.57,1.43,0.932,2.64,0.05,0,0,0,0,0,12.62
29/08/2024 03:00,182,947,947,948,947,0,11.04,11.09,11.44,10.93,11.04,11.09,11.44,10.93,10.01,10.04,10.38,9.84,93.4,94.1,92.2,240,1.335,226.1,23.61,1.05,1.335,3.23,0.11,0,0,0,0,0,12.59
29/08/2024 04:00,183,947,947,948,947,0,11.17,11.04,11.31,10.93,11.17,11.04,11.31,10.93,10.29,10.09,10.43,9.93,94.2,94.3,93.3,240,1.158,228,22.92,0.74,1.158,2.49,0.15,0,0,0,0,0,12.56
29/08/2024 05:00,184,948,947,948,947,0,11.17,11.14,11.48,10.97,11.17,11.14,11.48,10.97,10.06,10.14,10.51,9.91,92.8,94.4,92.3,229,0.952,0,0,1.4,0.952,2.18,0.04,0,0,0,0,0,12.53
29/08/2024 06:00,185,948,948,949,947,0,11.17,11.17,11.44,11.04,11.17,11.17,11.44,11.04,10.08,10.15,10.52,9.93,92.9,94.2,92.4,218,1.01,222.1,32.63,0.71,1.01,2.21,0.07,0,0,0,0,0,12.52
29/08/2024 07:00,186,949,948,949,948,0,11.37,11.27,11.65,11.07,11.37,11.27,11.65,11.07,10.22,10.11,10.54,9.93,92.5,93.5,91.2,215,0.945,0,0,0.96,0.945,2.12,0.01,0,0,0,0,0,12.52
29/08/2024 08:00,187,949,949,950,948,0,11.51,11.47,11.75,11.31,11.51,11.47,11.75,11.31,10.18,10.17,10.57,9.88,91.5,93.1,90.6,222,1.04,240.5,30.07,1.39,1.04,3.14,0.1,0.054,0.027,0.054,0,98.34109,12.63
29/08/2024 09:00,188,950,950,951,949,0.25,11.58,11.58,11.92,11.37,11.58,11.58,11.92,11.37,10.16,10.24,10.64,10.01,91,92.7,89.9,244,1.317,213.6,24.19,1.33,1.317,2.68,0.37,0.066,0.073,0.106,0.052,264.2278,12.9
29/08/2024 10:00,189,951,950,951,950,0,11.92,11.69,12.05,11.51,11.92,11.69,12.05,11.51,10.15,10.16,10.63,9.86,88.8,91.8,87.6,240,1.141,0,0,1.45,1.141,2.74,0.03,0.119,0.089,0.12,0.066,321.331,13.35
29/08/2024 11:00,190,949,950,951,949,0,13.4,12.35,13.4,11.82,13.4,12.35,13.4,11.82,10.28,10.28,10.75,9.94,81.4,90.1,81,191,1.018,0,0,1.33,1.018,2.51,0.02,0.394,0.196,0.394,0.103,704.5667,13.3
29/08/2024 12:00,191,949,949,950,949,0,14.12,14.06,14.87,13.06,14.12,14.06,14.87,13.06,10.41,10.27,10.86,9.85,78.27,82.8,74.34,214,1.342,0,0,1.64,1.343,3.52,0.03,0.438,0.443,0.477,0.378,1594.002,13.23
29/08/2024 13:00,192,949,949,950,948,0,15.46,14.7,15.53,14.09,15.46,14.7,15.53,14.09,10.42,10.3,10.75,9.94,71.87,78.48,71.84,244,1.729,230,32.33,1.5,1.729,3.98,0.05,0.396,0.489,1.168,0.379,1758.931,13.2
29/08/2024 14:00,193,948,949,949,948,0,14.75,15.3,16.14,14.71,14.75,15.3,16.14,14.71,10.37,10.2,10.62,9.95,74.99,74.99,67.94,254,1.878,245.1,29.38,5.1,1.878,5.1,0.1,0.39,0.421,0.494,0.336,1516.011,13.2
29/08/2024 15:00,194,948,948,949,948,0,14.39,14.36,15.19,13.9,14.39,14.36,15.19,13.9,10.47,10.25,10.64,10.04,77.22,78.32,73.57,261,2.199,232.8,23.79,2.22,2.199,6,0.09,0.204,0.316,0.804,0.204,1137.114,13.21
29/08/2024 16:00,195,948,949,949,948,0,13.11,13.6,14.32,13.11,13.11,13.6,14.32,13.11,9.96,10.08,10.47,9.9,81.1,81.4,76.78,224,1.884,235.3,25.1,1.76,1.884,4.13,0.18,0.054,0.103,0.203,0.054,370.6618,13.25
29/08/2024 17:00,196,949,949,950,948,0,12.58,12.92,13.45,12.51,12.58,12.92,13.45,12.51,10.01,10.04,10.35,9.93,84.3,84.7,80.7,245,1.636,234.4,23.4,2.42,1.636,3.49,0.31,0,0.013,0.054,0,48.50415,12.99
29/08/2024 18:00,197,951,950,951,949,0,11.85,12.16,12.82,11.82,11.85,12.16,12.82,11.82,9.97,9.97,10.29,9.85,88.2,88.2,84.1,246,1.63,225.4,25.54,1.73,1.63,3.53,0.09,0,0,0,0,0,12.81
29/08/2024 19:00,198,950,950,951,950,0,11.17,11.42,11.99,11.07,11.17,11.42,11.99,11.07,10.15,10.05,10.51,9.84,93.4,93.5,88.3,224,1.349,236.4,29.1,1.29,1.349,3.3,0.06,0,0,0,0,0,12.76
29/08/2024 20:00,199,951,951,951,950,0,11.04,10.98,11.37,10.7,11.04,10.98,11.37,10.7,10.2,10.03,10.42,9.81,94.6,95,92.4,242,1.326,234.9,25.53,2.58,1.326,3.33,0.06,0,0,0,0,0,12.73
29/08/2024 21:00,200,951,951,951,950,0,10.63,10.74,11.17,10.63,10.63,10.74,11.17,10.63,9.83,9.94,10.42,9.78,94.8,95.3,94,218,1.055,218.9,26.71,0.94,1.055,2.34,0.05,0,0,0,0,0,12.71
29/08/2024 22:00,201,950,951,951,950,0,10.56,10.53,10.93,10.36,10.56,10.53,10.93,10.36,9.73,9.7,10.15,9.48,94.6,95,94.1,263,1.002,216.6,28.79,0.58,1.002,2.73,0.1,0,0,0,0,0,12.7
29/08/2024 23:00,202,951,950,951,950,0,10.57,10.6,10.9,10.5,10.57,10.6,10.9,10.5,9.7,9.65,10.04,9.51,94.3,94.8,93.1,285,1.105,224.1,28.2,0.97,1.105,2.66,0.17,0,0,0,0,0,12.69
30/08/2024 00:00,203,949,950,951,949,0,10.74,10.64,11.01,10.5,10.74,10.64,11.01,10.5,9.66,9.72,10.12,9.54,93,94.8,93,211,0.832,200.8,37.74,1.09,0.832,2.66,0.09,0,0,0,0,0,12.67
30/08/2024 01:00,204,949,949,950,948,0,10.5,10.61,10.97,10.43,10.5,10.61,10.97,10.43,9.72,9.72,10.06,9.54,94.9,95.1,93,219,1.202,236,25.67,1.26,1.202,2.66,0.1,0,0,0,0,0,12.66
30/08/2024 02:00,205,948,948,949,948,0,10.57,10.51,10.87,10.36,10.57,10.51,10.87,10.36,9.65,9.69,10.05,9.52,94,95.3,93.6,220,0.879,216.7,25.78,1.15,0.879,2.18,0.12,0,0,0,0,0,12.63
30/08/2024 03:00,206,949,948,949,948,0.25,10.6,10.54,10.84,10.43,10.6,10.54,10.84,10.43,9.66,9.59,9.91,9.4,93.8,94.4,93.3,261,0.942,231.2,23.22,0.77,0.942,2.2,0.08,0,0,0,0,0,12.61
30/08/2024 04:00,207,948,948,949,948,0,10.5,10.51,10.77,10.43,10.5,10.51,10.77,10.43,9.42,9.51,9.86,9.35,93,94.1,92.9,239,1.085,235,22.14,0.5,1.085,2.75,0.09,0,0,0,0,0,12.58
30/08/2024 05:00,208,949,948,949,948,0.25,10.57,10.49,10.84,10.37,10.57,10.49,10.84,10.37,9.56,9.49,9.88,9.33,93.4,93.9,92.9,141,0.762,215.4,25.26,0.38,0.762,1.6,0.11,0,0,0,0,0,12.55
30/08/2024 06:00,209,949,949,949,948,0,10.23,10.5,10.84,10.23,10.23,10.5,10.84,10.23,9.34,9.51,9.9,9.33,94.2,94.6,92.7,225,1.14,235.8,27.27,1.37,1.14,2.98,0.13,0,0,0,0,0,12.51
30/08/2024 07:00,210,950,949,950,948,0,10.43,10.29,10.64,10.16,10.43,10.29,10.64,10.16,9.53,9.42,9.75,9.26,94.1,94.7,93.8,216,1.214,231.4,23.05,1.19,1.214,2.85,0.14,0.039,0.003,0.039,0,11.34291,12.51
30/08/2024 08:00,211,949,949,950,949,0.25,10.77,10.52,10.91,10.33,10.77,10.52,10.91,10.33,9.69,9.49,9.95,9.31,92.9,94.2,92.3,207,0.91,218.3,24.46,1.33,0.91,2.32,0.16,0.115,0.072,0.12,0.039,259.7734,12.65
30/08/2024 09:00,212,949,949,950,948,0,11.58,11.1,11.71,10.77,11.58,11.1,11.71,10.77,9.42,9.65,10.15,9.09,86.5,93.3,85.8,115,0.575,0,0,0.44,0.575,1.83,0.02,0.283,0.151,0.283,0.1,543.2645,13.34
30/08/2024 10:00,213,949,949,950,948,0,13.53,12.5,13.8,11.54,13.53,12.5,13.8,11.54,9.67,9.41,10.18,8.76,77.42,86.8,76.53,247,0.991,175.2,81.6,0.98,0.991,2.39,0.06,0.516,0.402,1.117,0.269,1446.932,13.27
30/08/2024 11:00,214,949,949,949,948,0,14.79,13.89,14.93,13.32,14.79,13.89,14.93,13.32,9.83,9.7,10.43,9.21,72.09,80.3,71.55,183,1.516,212.9,34.24,1.62,1.516,3.51,0.13,0.591,0.544,1.044,0.446,1958.936,13.22
30/08/2024 12:00,215,948,948,949,947,0,16.54,15.24,16.87,14.51,16.54,15.24,16.87,14.51,9.48,9.55,10.18,9.17,62.98,72.9,62.3,231,1.595,199.1,55.59,2.41,1.595,4.28,0.07,1.084,0.775,1.253,0.433,2788.797,13.19
30/08/2024 13:00,216,947,948,948,947,0,16.69,16.49,17.47,15.92,16.69,16.49,17.47,15.92,9.63,9.53,10.05,9.11,62.97,65.76,60.19,232,1.899,0,0,1.7,1.899,5.05,0.04,0.827,0.895,1.091,0.583,3222.973,13.16
30/08/2024 14:00,217,947,947,948,946,0,17.68,17.26,18.15,16.39,17.68,17.26,18.15,16.39,9.98,9.77,10.41,9.32,60.59,64.12,58.63,277,1.649,232.7,43.63,1.35,1.649,4.83,0.09,0.665,0.751,0.827,0.664,2702.874,13.16
30/08/2024 15:00,218,947,947,948,946,0,16.93,17.35,18.49,16.63,16.93,17.35,18.49,16.63,9.64,9.79,10.44,9.46,62.08,63.34,57.95,163,2.039,237.9,30.09,2.37,2.039,6.1,0.11,0.477,0.572,0.664,0.477,2059.723,13.15
30/08/2024 16:00,219,947,947,948,946,0,14.98,16.08,17.41,14.91,14.98,16.08,17.41,14.91,9.24,9.46,9.96,9.13,68.48,68.75,60.8,222,2.393,228.7,25.34,1.68,2.393,5.83,0.2,0.266,0.375,0.477,0.266,1350.584,13.17
30/08/2024 17:00,220,948,947,948,947,0,13.24,14.27,15.39,13.24,13.24,14.27,15.39,13.24,9.1,9.26,9.63,9.05,75.94,75.94,67.94,191,1.988,229.2,25.49,1.64,1.988,4.51,0.05,0.032,0.136,0.265,0.032,489.1917,13.21
30/08/2024 18:00,221,948,948,949,947,0,12.21,12.67,13.45,12.21,12.21,12.67,13.45,12.21,8.7,8.9,9.33,8.64,79.08,79.18,75.77,231,1.795,233.6,23.9,2.7,1.795,4.17,0.19,0,0.002,0.032,0,6.242673,12.87
30/08/2024 19:00,222,949,949,949,948,0,11.71,11.91,12.42,11.65,11.71,11.91,12.42,11.65,8.99,8.89,9.27,8.63,83.3,83.4,79.05,223,1.76,227.1,24.69,1.16,1.76,4.2,0.14,0,0,0,0,0,12.77
30/08/2024 20:00,223,950,949,950,948,0,11.24,11.37,11.85,11.17,11.24,11.37,11.85,11.17,9.37,9.12,9.63,8.9,88.2,88.6,83.3,215,1.538,229.2,24.87,1.44,1.538,3.49,0.12,0,0,0,0,0,12.73
30/08/2024 21:00,224,948,949,950,948,0,10.63,10.9,11.44,10.63,10.63,10.9,11.44,10.63,9.49,9.58,10.09,9.32,92.6,93.5,88,215,1.372,0,0,1.37,1.372,3.03,0.04,0,0,0,0,0,12.71
30/08/2024 22:00,225,949,949,950,948,0,10.43,10.48,10.97,10.32,10.43,10.48,10.97,10.32,9.39,9.45,10.03,9.19,93.3,93.9,92.4,247,1.344,240.1,26.63,0.77,1.344,3.48,0.06,0,0,0,0,0,12.69
30/08/2024 23:00,226,948,949,949,948,0,10.57,10.49,10.77,10.36,10.57,10.49,10.77,10.36,9.42,9.37,9.74,9.22,92.5,93.9,91.9,267,0.969,0,0,0.67,0.969,2.32,0.03,0,0,0,0,0,12.68
31/08/2024 00:00,227,949,949,949,948,0,10.5,10.56,10.87,10.43,10.5,10.56,10.87,10.43,9.27,9.39,9.8,9.15,92.1,93.1,91.6,200,0.748,226,32.39,0.7,0.748,2.35,0.07,0,0,0,0,0,12.67
31/08/2024 01:00,228,947,948,949,947,0,10.77,10.62,10.91,10.5,10.77,10.62,10.91,10.5,9.6,9.4,9.74,9.21,92.4,92.7,91.2,12,0.546,0,0,0.25,0.546,1.27,0.01,0,0,0,0,0,12.66
31/08/2024 02:00,229,948,948,948,947,0.25,10.84,10.83,11.18,10.7,10.84,10.83,11.18,10.7,9.48,9.56,9.88,9.34,91.2,92.6,90.8,217,0.583,0,0,1.16,0.583,1.48,0.03,0,0,0,0,0,12.63
31/08/2024 03:00,230,947,947,948,947,0,11.04,10.89,11.18,10.77,11.04,10.89,11.18,10.77,9.4,9.4,9.79,9.11,89.6,91.9,88.6,182,0.612,0,0,0.31,0.612,1.46,0.03,0,0,0,0,0,12.62
31/08/2024 04:00,231,947,947,948,947,0,11.11,11.05,11.35,10.9,11.11,11.05,11.35,10.9,9.19,9.23,9.69,9.02,87.9,89.9,87,183,0.814,208.7,22.59,0.58,0.814,1.62,0.16,0,0,0,0,0,12.59
31/08/2024 05:00,232,948,947,948,946,0,11.04,11.19,11.52,11.04,11.04,11.19,11.52,11.04,8.64,8.95,9.49,8.6,85.1,88.5,84.8,299,0.81,0,0,0.23,0.81,2.24,0.02,0,0,0,0,0,12.57
31/08/2024 06:00,233,948,948,949,947,0,11.11,11.17,11.44,11.04,11.11,11.17,11.44,11.04,9.01,8.9,9.32,8.64,86.9,87.3,85.1,212,0.723,0,0,1.62,0.723,2.57,0.03,0,0,0,0,0,12.54
31/08/2024 07:00,234,949,949,949,948,0,10.84,10.87,11.24,10.7,10.84,10.87,11.24,10.7,9.08,9.16,9.55,8.87,88.9,90.6,86.9,223,1.142,213.6,25.24,1.36,1.142,3.07,0.18,0,0,0,0,0,12.53
31/08/2024 08:00,235,949,949,950,948,0,11.31,11,11.48,10.77,11.31,11,11.48,10.77,8.98,9.06,9.46,8.76,85.5,89.7,85.4,180,0.689,0,0,0.18,0.689,2.16,0.04,0.048,0.028,0.048,0,102.3466,12.59
31/08/2024 09:00,236,950,949,950,949,0,12.05,11.55,12.29,11.31,12.05,11.55,12.29,11.31,9.36,9.16,9.62,8.91,83.5,86.9,83.1,207,0.56,0,0,1.03,0.56,2.46,0.01,0.443,0.123,0.443,0.048,441.3567,12.89
31/08/2024 10:00,237,949,949,950,948,0,13.52,12.75,13.65,11.99,13.52,12.75,13.65,11.99,9.38,9.19,9.63,8.75,75.98,83.8,75.77,197,1.259,0,0,2.63,1.259,2.86,0.04,0.525,0.395,0.525,0.279,1422.923,13.26
31/08/2024 11:00,238,949,949,949,948,0,15.53,14.37,15.73,13.31,15.53,14.37,15.73,13.31,9.56,9.42,9.96,9.05,67.53,76.52,67.4,232,1.345,0,0,1.12,1.345,3.23,0.03,0.766,0.75,1.219,0.363,2701.19,13.19
31/08/2024 12:00,239,948,948,949,947,0,17.34,16.47,17.95,15.25,17.34,16.47,17.95,15.25,9.56,9.61,10.08,9.3,60.19,68.31,58.49,255,1.508,0,0,1.13,1.508,5.08,0.04,0.914,0.905,0.924,0.741,3258.42,13.17
31/08/2024 13:00,240,947,947,948,947,0,18.56,17.81,18.63,17.34,18.56,17.81,18.63,17.34,10.05,9.61,10.1,9.29,57.61,60.39,56.49,240,2.26,218.6,35.13,1.32,2.26,5.85,0.09,0.832,0.88,0.915,0.832,3168.173,13.16
31/08/2024 14:00,241,946,947,948,946,0,17.61,17.88,18.86,17.2,17.61,17.88,18.86,17.2,9.8,9.85,10.28,9.54,60.12,61.98,55.64,245,2.241,0,0,3.51,2.241,6.16,0.04,0.679,0.758,0.832,0.678,2728.498,13.14
31/08/2024 15:00,242,946,947,947,946,0,17.2,17.41,18.36,16.93,17.2,17.41,18.36,16.93,9.9,9.94,10.45,9.6,62.12,63.17,58.42,210,2.088,234.5,35.8,2.35,2.088,5.57,0.05,0.48,0.579,0.679,0.48,2083.215,13.15
31/08/2024 16:00,243,947,946,947,946,0,16.8,16.99,17.54,16.53,16.8,16.99,17.54,16.53,10.22,10.06,10.45,9.77,65.07,66.05,61.51,198,1.977,234.9,27.28,2.24,1.977,4.94,0.07,0.265,0.376,0.479,0.265,1352.521,13.16
31/08/2024 17:00,244,947,946,947,946,0,15,15.86,16.94,14.93,15,15.86,16.94,14.93,9.93,10.04,10.4,9.82,71.62,71.96,64.8,256,1.933,235,23.25,0.75,1.933,3.91,0.2,0.032,0.134,0.264,0.032,483.8245,13.16
31/08/2024 18:00,245,947,947,948,946,0,12.78,13.75,15.21,12.71,12.78,13.75,15.21,12.71,9.48,9.61,10.15,9.38,80.3,80.3,71.35,269,1.66,237.3,24.67,1.53,1.66,3.96,0.06,0,0.001,0.032,0,3.37727,12.86
31/08/2024 19:00,246,948,948,948,947,0,11.99,12.18,12.92,11.75,11.99,12.18,12.92,11.75,9.45,9.38,9.69,9.21,84.4,85,80.2,210,1.599,234.3,21.62,1.33,1.599,3.41,0.23,0,0,0,0,0,12.76
31/08/2024 20:00,247,947,948,949,947,0,11.58,11.86,12.29,11.58,11.58,11.86,12.29,11.58,9.1,9.24,9.62,9.05,84.7,84.9,82.9,334,1.33,238.2,28.35,0.16,1.33,3.63,0.07,0,0,0,0,0,12.73
31/08/2024 21:00,248,948,948,949,947,0,11.51,11.62,11.95,11.48,11.51,11.62,11.95,11.48,9.11,9.13,9.42,9.02,85.1,85.3,84,217,0.901,0,0,1.36,0.901,2.5,0.03,0,0,0,0,0,12.7
31/08/2024 22:00,249,947,948,948,947,0,11.78,11.69,12.05,11.51,11.78,11.69,12.05,11.51,9.21,9.18,9.52,9.08,84.2,85.3,83.7,195,0.938,232.9,34.16,1.18,0.938,2.38,0.1,0,0,0,0,0,12.69
31/08/2024 23:00,250,947,947,948,947,0,11.68,11.57,11.99,11.37,11.68,11.57,11.99,11.37,9.4,9.2,9.5,9.09,85.9,86.3,84,197,1.035,226.2,30.98,0.98,1.035,2.56,0.1,0,0,0,0,0,12.68
01/09/2024 00:00,251,947,947,948,946,0,11.44,11.49,11.88,11.34,11.44,11.49,11.88,11.34,9.21,9.23,9.52,9.13,86.1,86.7,84.9,254,0.907,0,0,0.79,0.907,2.26,0.02,0,0,0,0,0,12.66
01/09/2024 01:00,252,947,947,948,946,0,11.1,11.27,11.71,11.04,11.1,11.27,11.71,11.04,9.25,9.23,9.52,9.14,88.3,88.8,85.9,256,1.264,223.2,52.1,0.96,1.264,3.62,0.06,0,0,0,0,0,12.64
01/09/2024 02:00,253,947,947,948,946,0,10.7,10.87,11.24,10.7,10.7,10.87,11.24,10.7,8.91,9.07,9.49,8.9,88.6,89.5,88,213,0.953,0,0,0.6,0.953,2.45,0.02,0,0,0,0,0,12.62
01/09/2024 03:00,254,946,946,947,945,0,10.63,10.68,11.07,10.49,10.63,10.68,11.07,10.49,9.09,9.06,9.38,8.9,90.1,90.6,88.3,238,0.782,0,0,0.98,0.782,2.49,0.03,0,0,0,0,0,12.59
01/09/2024 04:00,255,946,946,947,945,0,10.87,10.71,11.04,10.56,10.87,10.71,11.04,10.56,9.28,9.16,9.47,9.07,89.9,91,89.1,226,0.936,228.2,30.97,0.54,0.936,2.6,0.05,0,0,0,0,0,12.56
01/09/2024 05:00,256,947,946,947,946,0,10.9,10.65,10.97,10.49,10.9,10.65,10.97,10.49,9.39,9.13,9.45,9.01,90.3,91,89.6,172,0.765,0,0,0.23,0.765,2.05,0.01,0,0,0,0,0,12.53
01/09/2024 06:00,257,947,947,948,946,0,10.97,10.82,11.18,10.63,10.97,10.82,11.18,10.63,9.11,9.13,9.44,9,88.2,90.4,88.1,320,0.72,0,0,0.54,0.72,1.9,0.01,0,0,0,0,0,12.51
01/09/2024 07:00,258,948,947,948,946,0,11.24,11.14,11.51,10.97,11.24,11.14,11.51,10.97,9.16,9.16,9.45,9.06,86.9,88.3,86.5,352,0.557,0,0,1.01,0.557,2.5,0.01,0.057,0.005,0.057,0,17.6726,12.52
01/09/2024 08:00,259,947,948,949,947,0,11.24,11.16,11.54,10.87,11.24,11.16,11.54,10.87,9.03,9.06,9.39,8.91,86.2,88.2,85.6,286,0.654,0,0,0.23,0.654,2.57,0.01,0.169,0.059,0.173,0,213.9854,12.69
01/09/2024 09:00,260,949,948,949,947,0,12.99,12.1,13.26,11.24,12.99,12.1,13.26,11.24,9.16,9.17,9.55,8.98,77.49,86.1,77.35,246,0.887,196.9,57.11,1.21,0.887,2.31,0.05,0.643,0.293,0.685,0.168,1054.555,13.28
01/09/2024 10:00,261,948,948,949,948,0,15.12,14.16,15.32,12.78,15.12,14.16,15.32,12.78,9.45,9.39,10.02,9.1,68.82,79.12,68.62,216,1.268,230.6,59.01,0.87,1.268,3.42,0.06,0.428,0.673,1.1,0.428,2422.585,13.19
01/09/2024 11:00,262,948,948,949,947,0,15.73,15.2,16.27,14.61,15.73,15.2,16.27,14.61,9.81,9.65,10.38,9.33,67.8,72.01,66.31,225,1.67,242.2,33.88,1.79,1.67,4.5,0.1,0.634,0.587,1.038,0.355,2114.223,13.19
01/09/2024 12:00,263,947,947,948,946,0,17.14,16.27,17.31,15.18,17.14,16.27,17.31,15.18,10.16,9.89,10.36,9.59,63.44,70.17,62.57,171,1.353,224.9,52.07,1.46,1.353,3.73,0.05,0.456,0.73,1.197,0.44,2628.03,13.15
01/09/2024 13:00,264,946,946,947,945,0,17.98,17.32,18.32,16.8,17.98,17.32,18.32,16.8,10.76,10,10.76,9.72,62.59,64.05,59.51,320,1.661,237.7,34.34,0.77,1.661,4.9,0.05,0.465,0.618,1.066,0.302,2225.329,13.14
01/09/2024 14:00,265,945,946,946,945,0,18.69,18.13,18.83,17.34,18.69,18.13,18.83,17.34,10.23,10.16,10.72,9.89,57.81,62.22,57.41,80,1.877,229.7,37.94,0.48,1.877,5.34,0.12,0.762,0.773,0.919,0.333,2784.543,13.13
01/09/2024 15:00,266,945,946,946,945,0,18.08,18.53,19.37,17.81,18.08,18.53,19.37,17.81,10.28,10.25,10.67,10.03,60.25,61,56.19,234,2.108,239,28.79,1.99,2.108,5.04,0.17,0.544,0.605,0.771,0.273,2179.546,13.13
01/09/2024 16:00,267,946,946,947,945,0,16.12,17.5,18.83,16.12,16.12,17.5,18.83,16.12,10.07,10.27,10.74,10.03,67.31,67.31,58.42,227,2.376,233.8,23.72,1.22,2.376,4.97,0.16,0.283,0.424,0.546,0.283,1525.726,13.13
01/09/2024 17:00,268,946,946,947,946,0,13.24,14.81,16.32,13.24,13.24,14.81,16.32,13.24,9.75,9.97,10.39,9.73,79.36,79.36,67.37,227,2.35,230.2,23.72,1.97,2.35,5.76,0.25,0.037,0.159,0.283,0.037,571.0256,13.17
01/09/2024 18:00,269,947,947,947,946,0,12.78,13.06,13.88,12.58,12.78,13.06,13.88,12.58,9.89,9.83,10.13,9.71,82.5,83.3,77.39,229,1.641,240.4,23.51,2.09,1.641,4.22,0.14,0,0.006,0.037,0,21.85406,12.87
01/09/2024 19:00,270,948,947,948,946,0,12.31,12.44,12.92,12.17,12.31,12.44,12.92,12.17,9.7,9.75,10.07,9.61,84,84.9,82.4,230,1.434,222.5,25.14,1.34,1.434,2.96,0.15,0,0,0,0,0,12.77
01/09/2024 20:00,271,948,948,948,947,0,12.19,12.23,12.53,12.07,12.19,12.23,12.53,12.07,9.65,9.72,10,9.59,84.4,85.5,83.5,225,1.182,230.5,35.04,1.91,1.182,2.96,0.09,0,0,0,0,0,12.73
01/09/2024 21:00,272,947,948,948,947,0,11.78,12.12,12.49,11.78,11.78,12.12,12.49,11.78,9.61,9.66,9.97,9.51,86.5,86.5,83.8,235,1.258,226.8,23.97,1.77,1.258,2.69,0.07,0,0,0,0,0,12.7
01/09/2024 22:00,273,948,948,949,947,0,11.99,11.88,12.26,11.71,11.99,11.88,12.26,11.71,9.97,9.83,10.23,9.6,87.4,88.1,86.3,155,0.946,0,0,1.1,0.946,2.25,0.03,0,0,0,0,0,12.69
01/09/2024 23:00,274,948,948,949,947,0,11.65,11.95,12.29,11.65,11.65,11.95,12.29,11.65,10.16,10.07,10.41,9.84,90.5,90.8,87.2,270,1.078,221.1,32.71,1.62,1.078,2.63,0.06,0,0,0,0,0,12.68
02/09/2024 00:00,275,947,947,948,946,0,11.65,11.45,11.92,11.27,11.65,11.45,11.92,11.27,10.51,10.19,10.52,10.07,92.7,93,90.4,227,1.021,0,0,0.48,1.021,2.81,0.02,0,0,0,0,0,12.66
02/09/2024 01:00,276,947,947,948,946,0,11.24,11.26,11.68,11.07,11.24,11.26,11.68,11.07,10.24,10.18,10.53,9.99,93.5,94.1,91.8,264,1.256,0,0,0.79,1.256,3.05,0.03,0,0,0,0,0,12.64
02/09/2024 02:00,277,946,946,947,945,0,11.04,11.07,11.44,10.97,11.04,11.07,11.44,10.97,10.13,10.15,10.48,10.01,94.1,94.8,93.2,196,1.043,222.3,31.85,1.3,1.043,2.46,0.09,0,0,0,0,0,12.62
02/09/2024 03:00,278,945,946,947,945,0,10.97,11.1,11.37,10.97,10.97,11.1,11.37,10.97,10.06,10.18,10.49,10.01,94.1,94.6,93.3,223,0.789,0,0,1.27,0.789,2.42,0.02,0,0,0,0,0,12.59
02/09/2024 04:00,279,946,946,946,945,0,11.17,11.03,11.41,10.9,11.17,11.03,11.41,10.9,10.01,10.06,10.49,9.86,92.5,94.9,92.1,218,0.982,212.1,23.29,1.58,0.982,1.86,0.14,0,0,0,0,0,12.57
02/09/2024 05:00,280,946,946,947,945,0,11.17,11.01,11.31,10.87,11.17,11.01,11.31,10.87,10.12,9.97,10.29,9.78,93.2,93.9,92.4,236,0.881,0,0,0.65,0.881,2.08,0.02,0,0,0,0,0,12.54
02/09/2024 06:00,281,947,946,947,946,0,10.83,11.02,11.31,10.83,10.83,11.02,11.31,10.83,9.84,10,10.31,9.83,93.5,93.9,92.7,266,0.555,0,0,0.67,0.555,1.81,0.02,0,0,0,0,0,12.52
02/09/2024 07:00,282,947,947,947,946,0,10.97,10.98,11.24,10.83,10.97,10.98,11.24,10.83,9.94,10.03,10.38,9.84,93.3,94.5,93.1,173,0.735,0,0,0.53,0.735,1.94,0.02,0.03,0.003,0.044,0,10.33933,12.52
02/09/2024 08:00,283,948,947,948,946,0,11.92,11.5,12.05,10.97,11.92,11.5,12.05,10.97,10.07,9.97,10.34,9.74,88.4,93.7,87.5,139,0.913,143.1,35.45,0.8,0.913,1.96,0.09,0.131,0.073,0.132,0,264.5299,12.64
02/09/2024 09:00,284,948,948,949,947,0,12.12,12.1,12.53,11.85,12.12,12.1,12.53,11.85,10.09,10.05,10.49,9.76,87.4,88.6,85.3,182,0.92,0,0,2.12,0.92,2.39,0.02,0.173,0.136,0.174,0.056,488.4055,13.32
