TOA5,GR_TACNA_CR1000,CR1000,57625,CR1000.Std.26,CPU:emap_grt_rev1A.CR1,45873,Table1,,,,,,,,,,,,,,,,,,,,,,,,,,,,
TIMESTAMP,RECORD,BP_mbar,BP_mbar_Avg,BP_mbar_Max,BP_mbar_Min,Rain_mm_Tot,AirTC,AirTC_Avg,AirTC_Max,AirTC_Min,Temp_SenTer,Temp_SenTer_Avg,Temp_SenTer_Max,Temp_SenTer_Min,Temp_PuntoRocio,Temp_PuntoRocio_Avg,Temp_PuntoRocio_Max,Temp_PuntoRocio_Min,RH,RH_Max,RH_Min,WindDir,WS_ms_S_WVT,WindDir_D1_WVT,WindDir_SD1_WVT,WS_ms,WS_ms_Avg,WS_ms_Max,WS_ms_Min,SlrkW,SlrkW_Avg,SlrkW_Max,SlrkW_Min,SlrkJ_Tot,BattV_Min
TS,RN,mbar,mbar,mbar,mbar,mm,Deg C,Deg C,Deg C,Deg C,Deg C,Deg C,Deg C,Deg C,Deg C,Deg C,Deg C,Deg C,%,%,%,degrees,meters/second,Deg,Deg,meters/second,meters/second,meters/second,meters/second,kW/m^2,kW/m^2,kW/m^2,kW/m^2,kJ/m^2,Volts
,,Smp,Avg,Max,Min,Tot,Smp,Avg,Max,Min,Smp,Avg,Max,Min,Smp,Avg,Max,Min,Smp,Max,Min,Smp,WVc,WVc,WVc,Smp,Avg,Max,Min,Smp,Avg,Max,Min,Tot,Min
12/2/2025 12:00,0,947,946,948,503.8,0,28.65,28.9,29.74,28.11,28.65,28.9,29.74,28.11,17.2,16.88,17.65,16.24,49.9,50.44,45.57,240,2.807,223.4,23.76,2.93,2.807,7.38,0.3,1.166,1.178,1.262,0.718,2097.669,12.96
12/2/2025 13:00,1,947,946,947,504.5,0,28.38,28.64,29.33,27.98,30.61,30.78,31.79,28.18,16.84,17.01,17.51,16.77,49.56,51.53,47.67,214,3.536,237.3,27.58,3.26,3.536,7.23,0.41,1.118,1.093,1.133,0.795,2093.88,12.96
12/2/2025 14:00,2,947,947,948,946,0,26.51,27.41,28.66,26.23,28.37,29.35,30.92,26.37,16.46,16.73,17.21,16.35,53.98,55.13,49.12,199,3.574,221.9,23.42,2.06,3.574,7.75,0.29,0.345,0.603,1.316,0.318,2170.709,12.97
12/2/2025 15:00,3,946,947,947,946,0,26.24,26.56,27.53,25.7,28,28.27,29.51,25.76,16.77,16.67,17.22,16.41,55.94,57.43,52.97,216,2.971,0,0,2.69,2.971,6.67,0.03,0.475,0.533,1.06,0.344,1919.806,12.99
12/2/2025 16:00,4,947,946,947,946,0,25.57,26.1,27.08,25.43,27.36,27.71,28.87,25.5,16.95,16.87,17.29,16.56,58.86,59.23,54.18,274,2.518,230.1,27.05,2.51,2.518,5.94,0.25,0.167,0.399,0.581,0.167,1436.458,13
12/2/2025 17:00,5,947,946,947,946,0,24.37,25.09,25.84,24.3,26.02,26.5,27.67,24.36,16.97,17,17.41,16.75,63.35,63.82,58.05,222,2.423,236.4,26.51,1.28,2.423,5.75,0.23,0.077,0.124,0.169,0.077,446.1219,13.02
12/2/2025 18:00,6,947,947,948,946,0,23.37,23.86,24.64,23.33,24.59,25.13,26.14,23.33,16.76,16.83,17.2,16.61,66.35,66.49,62.94,221,2.611,222.6,21.45,2.11,2.611,4.95,0.4,0,0.036,0.077,0,131.1387,12.91
12/2/2025 19:00,7,949,948,949,947,0,23.32,23.24,23.64,23.05,24.74,24.36,25.17,23.05,16.85,16.79,17.1,16.65,66.91,67.9,65.88,217,2.013,221.5,20.21,2.07,2.013,4.09,0.42,0,0,0,0,0,12.76
12/2/2025 20:00,8,950,949,950,948,0,23.05,23.03,23.46,22.85,23.05,23.78,24.95,22.85,16.91,16.8,17.13,16.65,68.27,68.81,66.78,211,1.426,223.5,23.4,1.03,1.426,3.31,0.08,0,0,0,0,0,12.71
12/2/2025 21:00,9,951,950,951,949,0,22.1,22.84,23.25,22.1,23.27,23.58,24.73,22.31,17.29,16.94,17.6,16.75,74.1,74.34,68,260,1.474,248,24.53,1.59,1.474,3.88,0.12,0,0,0,0,0,12.68
12/2/2025 22:00,10,952,951,952,950,0,21.43,21.59,22.24,21.32,21.43,22.02,23.5,21.32,17.41,17.45,17.97,17.16,77.83,78.78,74.1,18,1.172,331.4,69.55,0.56,1.172,3.4,0.07,0,0,0,0,0,12.66
12/2/2025 23:00,11,952,951,952,951,0,20.96,21.08,21.63,20.69,20.96,21.43,22.9,20.69,18.1,17.76,18.25,17.33,83.6,84.4,77.63,87,1.131,57.98,28.43,1.09,1.131,2.06,0.1,0,0,0,0,0,12.64
13/2/2025 0:00,12,951,951,952,950,0,21.03,21.18,21.57,20.96,21.93,21.8,22.77,20.96,17.11,17.55,18.33,16.99,78.25,84.2,77.64,88,1.361,86.3,25.99,2.72,1.361,2.72,0.08,0,0,0,0,0,12.62
13/2/2025 1:00,13,950,951,951,950,0,20.22,20.75,21.3,20.22,21.23,21.55,22.47,20.22,17.51,17.35,18.06,16.96,84.4,85.6,77.64,74,1.687,77.98,19.84,1.65,1.687,2.92,0.3,0,0,0,0,0,12.6
13/2/2025 2:00,14,951,951,951,950,0.25,20.09,20.05,20.36,19.88,20.71,20.68,21.52,19.92,17.41,17.64,18.2,17.35,84.5,87.7,83.9,56,1.649,59.06,22.13,2.75,1.649,3.5,0.44,0,0,0,0,0,12.57
13/2/2025 3:00,15,950,950,951,950,0,20.63,20.41,20.87,20.09,20.63,21.17,21.96,20.09,17.09,17.12,17.78,16.7,80.1,85.2,78.87,85,1.859,70.09,19.06,0.79,1.859,3.72,0.55,0,0,0,0,0,12.55
13/2/2025 4:00,16,950,950,951,949,0,20.7,20.66,21.04,20.53,21.91,21.44,22.29,20.56,16.28,16.59,17.32,16.12,75.75,80.6,75.28,108,1.936,78.79,18.57,2.34,1.936,3.61,0.3,0,0,0,0,0,12.53
13/2/2025 5:00,17,951,950,951,949,0,21.04,20.84,21.31,20.56,21.04,21.35,22.48,20.56,16.5,16.31,16.75,16.06,75.25,76.36,73.99,76,1.403,72.62,21.3,0.41,1.403,3.4,0.17,0,0,0,0,0,12.52
13/2/2025 6:00,18,951,951,951,950,0,21.27,21.14,21.51,20.97,21.27,21.65,22.82,20.97,16.73,16.53,16.99,16.27,75.27,75.68,74.12,67,1.299,0,0,1.11,1.299,2.62,0.02,0,0,0,0,0,12.51
13/2/2025 7:00,19,951,951,952,950,0,22.45,21.8,22.59,21.23,22.45,22.09,23.7,21.3,16.58,16.71,17.1,16.48,69.37,75.34,69.37,145,1.085,88.7,25.56,0.6,1.085,2.73,0.15,0.066,0.036,0.066,0,129.7886,12.53
13/2/2025 8:00,20,951,951,952,951,0,23.19,22.88,23.42,22.45,23.19,23.17,24.85,22.45,16.78,16.88,17.39,16.46,67.19,69.83,67.19,271,0.879,0,0,1.08,0.879,2.35,0.04,0.121,0.092,0.125,0.065,330.6005,12.91
13/2/2025 9:00,21,952,951,952,951,0,24.12,23.4,24.12,23.05,24.12,24.1,25.59,23.05,16.6,16.83,17.36,16.13,62.76,69.05,62.56,223,1.306,233.7,25.04,1.16,1.306,2.91,0.17,0.321,0.21,0.321,0.121,755.7093,13.09
13/2/2025 10:00,22,950,951,952,950,0,26.2,24.62,26.47,23.85,26.2,25.31,28.44,23.85,16.66,16.7,17.28,16.29,55.69,64.11,55.42,186,1.281,0,0,0.68,1.281,3.24,0.02,1.149,0.508,1.237,0.321,1827.337,13.05
13/2/2025 11:00,23,950,950,951,949,0,27.92,27.16,28.33,26.06,27.92,27.92,30.54,26.06,16.57,16.68,17.25,16.24,50.04,56.23,49.16,310,1.227,0,0,0.94,1.227,4.07,0.02,1.115,0.998,1.242,0.41,3591.211,12.98
13/2/2025 12:00,24,949,949,950,948,0,29.53,28.71,29.87,27.95,31.96,30.16,32.35,27.95,15.95,16.14,16.86,15.52,43.81,50.18,43.6,254,1.791,233.8,59.36,1.98,1.791,4.97,0.07,1.104,1.085,1.171,1.046,3905.957,12.97
13/2/2025 13:00,25,949,948,949,948,0,28.65,29.48,30.48,28.48,30.92,31.39,33.03,28.52,16.47,16.26,16.92,15.76,47.66,48.48,41.84,282,2.768,227.7,49.16,1.01,2.768,7.75,0.08,1.062,1.06,1.11,0.549,3815.309,12.97
13/2/2025 14:00,26,948,948,949,947,0,27.85,28.3,29.33,27.72,29.99,30.42,31.77,27.72,16.93,16.69,17.3,16.44,51.4,52.01,46.85,215,3.481,222.5,22.36,2.2,3.481,8.25,0.46,0.962,0.954,1.166,0.475,3434.673,12.97
13/2/2025 15:00,27,948,948,949,947,0,26.63,27.41,28.49,26.43,28.52,29.35,30.73,27.04,16.25,16.65,17.31,16.15,52.89,53.83,49.37,216,3.185,225.8,24.67,3.13,3.185,8.8,0.26,0.382,0.719,1.081,0.372,2588.866,12.98
13/2/2025 16:00,28,948,948,949,947,0,26.71,26.81,27.66,26.31,28.63,28.58,29.71,26.31,16.35,16.34,16.75,16.1,52.96,54.35,50.52,227,2.828,224.5,25.41,3.02,2.828,6.91,0.4,0.574,0.59,0.854,0.341,2125.488,12.99
13/2/2025 17:00,29,948,948,949,948,0,25.15,26.02,27.12,25.15,26.79,27.67,29.16,25.22,16.04,16.23,16.72,16,56.96,57.37,52.15,203,2.781,221.7,22.42,1.49,2.781,5.35,0.49,0.158,0.39,0.574,0.136,1402.418,12.99
13/2/2025 18:00,30,949,949,950,948,0,24.23,24.78,25.59,24.03,24.23,26.13,27.21,24.1,16.06,16.02,16.45,15.84,60.24,60.37,56.29,249,2.548,236.3,26.2,1.72,2.548,5.48,0.33,0.046,0.132,0.243,0.046,473.5262,13.02
13/2/2025 19:00,31,951,950,951,949,0,22.98,23.41,24.44,22.83,24.47,24.38,25.92,22.83,15.8,15.85,16.22,15.68,63.92,64.46,59.56,194,1.943,242.2,29.85,0.38,1.943,5.38,0.08,0,0.003,0.046,0,10.44105,12.78
13/2/2025 20:00,32,951,951,952,950,0,22.78,22.9,23.39,22.64,22.78,23.41,24.91,22.64,15.82,15.81,16.13,15.67,64.75,65.36,63.18,223,1.211,255.4,33.13,1.17,1.211,2.83,0.08,0,0,0,0,0,12.72
13/2/2025 21:00,33,951,952,952,951,0,22.44,22.63,23.08,22.37,23.85,23.29,24.57,22.37,15.71,15.8,16.12,15.64,65.63,66.17,64.54,311,1.356,260.4,24.42,0.86,1.356,3,0.06,0,0,0,0,0,12.69
13/2/2025 22:00,34,952,952,953,951,0,22.17,22.37,22.78,22.17,22.17,22.95,24.03,22.17,16.06,15.84,16.33,15.64,68.24,68.31,65.36,253,1.305,263.1,25.13,0.68,1.305,2.98,0.1,0,0,0,0,0,12.67
13/2/2025 23:00,35,952,952,953,952,0,21.22,21.69,22.37,21.19,21.22,22.37,23.78,21.19,16.54,16.4,16.88,16.05,74.58,74.78,68.2,214,1.499,257.2,25.37,1.13,1.499,3.55,0.15,0,0,0,0,0,12.65
14/2/2025 0:00,36,951,952,953,951,0,20.96,21.09,21.46,20.89,20.96,21.61,22.69,20.89,16.39,16.45,16.78,16.26,75.06,75.91,73.8,243,1.32,249.7,24.87,0.73,1.32,2.77,0.15,0,0,0,0,0,12.63
14/2/2025 1:00,37,951,952,953,951,0,20.82,21,21.4,20.82,20.82,21.41,22.52,20.82,16.5,16.46,16.78,16.25,76.22,76.49,74.38,227,1.219,250.9,25.49,1.37,1.219,2.51,0.18,0,0,0,0,0,12.61
14/2/2025 2:00,38,951,951,952,951,0,20.48,20.65,21.16,20.42,20.48,21,22.38,20.42,16.36,16.47,16.86,16.29,77.13,77.71,76.08,228,1.138,249.8,28.92,1.44,1.138,2.45,0.18,0,0,0,0,0,12.59
14/2/2025 3:00,39,951,951,952,950,0,20.83,20.66,21.17,20.48,20.83,20.82,22.21,20.48,15.96,16.26,16.61,15.95,73.64,77.23,73.58,262,0.981,241.1,30.25,1.03,0.981,2,0.15,0,0,0,0,0,12.56
14/2/2025 4:00,40,951,951,952,950,0,20.69,20.73,21.1,20.56,20.69,20.92,22.26,20.56,15.73,15.89,16.28,15.71,73.17,74.46,72.96,242,1.035,245.5,27.16,1.05,1.035,2.85,0.13,0,0,0,0,0,12.53
14/2/2025 5:00,41,951,951,952,950,0,20.93,20.85,21.17,20.69,20.93,20.9,22.37,20.69,15.51,15.62,16.03,15.48,71.07,73.2,70.93,232,0.864,250.3,32.06,0.88,0.864,1.58,0.06,0,0,0,0,0,12.52
14/2/2025 6:00,42,952,951,952,951,0,20.9,20.9,21.2,20.83,20.9,20.96,22.21,20.83,15.67,15.64,16.07,15.48,71.96,72.9,71,178,0.774,242.4,36.36,0.3,0.774,1.87,0.05,0,0,0,0,0,12.52
14/2/2025 7:00,43,953,952,953,951,0,21.17,21.11,21.51,20.9,21.17,21.11,21.51,20.9,16.54,16.14,17,15.6,74.8,75.78,71.28,201,0.579,0,0,0.17,0.579,1.31,0.03,0,0.003,0.031,0,11.73048,12.55
14/2/2025 8:00,44,953,952,953,952,0,21.71,21.48,21.98,21.17,22.92,21.59,23.23,21.17,16.35,16.64,17.16,16.26,71.54,76.12,71.54,247,0.745,0,0,1.54,0.745,1.89,0.01,0.068,0.037,0.068,0,132.8851,12.73
14/2/2025 9:00,45,953,953,953,952,0,22.71,22.02,22.75,21.57,22.71,22.11,23.79,21.57,17.29,16.58,17.4,16.18,71.39,72.52,69.77,308,0.768,0,0,0.79,0.768,1.67,0.03,0.232,0.13,0.232,0.068,467.436,13.06
14/2/2025 10:00,46,952,952,953,952,0,24.38,23.86,25.27,22.51,24.38,24.16,27.02,22.51,17.32,17.21,17.63,16.98,64.72,71.39,61.67,191,0.92,0,0,0.59,0.92,2.4,0.04,0.413,0.42,0.645,0.233,1512.962,13.06
14/2/2025 11:00,47,952,952,953,951,0,26.12,25.43,26.73,24.38,27.97,26.31,28.5,24.38,17.06,17.26,17.78,16.95,57.38,64.78,56.57,206,1.421,210.7,46.86,1.93,1.421,4.02,0.12,0.869,0.53,0.869,0.413,1908.539,13.02
14/2/2025 12:00,48,950,951,952,950,0,28.56,27.57,28.87,25.92,28.56,28.92,31.18,25.92,16.94,17.16,17.62,16.9,49.36,58.67,49.02,221,1.702,0,0,1.85,1.702,3.94,0.02,1.038,1.056,1.446,0.69,3802.423,12.97
14/2/2025 13:00,49,950,950,951,949,0,28.8,28.52,29.68,27.98,31.1,30.45,32.19,27.98,16.79,16.86,17.33,16.54,48.21,51.19,46.25,221,2.39,214.4,26.77,2.74,2.39,5.59,0.29,1.07,0.843,1.416,0.484,3035.383,12.97
14/2/2025 14:00,50,949,949,950,948,0,28.35,29.05,30.35,28.08,30.56,31.21,32.99,28.11,16.62,16.65,17.13,16.43,48.95,49.73,43.87,245,2.991,234.2,28.72,1.18,2.991,8.53,0.31,0.621,0.772,1.178,0.386,2779.495,12.97
14/2/2025 15:00,51,949,949,950,948,0,26.71,27.85,28.66,26.64,28.66,29.88,30.93,26.64,16.29,16.47,16.92,16.19,52.76,52.76,48.55,213,3.117,226.7,21.8,2.96,3.117,6.06,0.31,0.29,0.399,0.672,0.27,1438.122,12.98
14/2/2025 16:00,52,949,949,949,948,0,25.79,26.29,27.15,25.65,27.63,27.94,29.14,25.65,16.35,16.22,16.61,16.07,55.96,55.96,51.95,271,2.391,229.2,26.78,2.05,2.391,4.87,0.13,0.104,0.195,0.29,0.104,702.354,13
14/2/2025 17:00,53,949,949,949,948,0,24.34,25.13,25.92,24.31,25.97,26.43,27.78,24.31,16.36,16.21,16.67,16.06,60.99,61.33,55.45,250,1.943,241.5,28.1,3.19,1.943,4.2,0.07,0.034,0.054,0.104,0.033,195.5064,13.01
14/2/2025 18:00,54,949,949,950,948,0,23.23,23.77,24.58,23.2,23.23,24.92,26.25,23.23,16.16,16.36,16.79,16.09,64.39,64.66,61.12,241,1.964,237.4,25.3,0.48,1.964,4.1,0.19,0,0.022,0.041,0,78.03127,12.92
14/2/2025 19:00,55,950,950,951,949,0,21.9,22.5,23.44,21.8,23.11,23.26,24.87,21.8,15.81,16.1,16.46,15.76,68.27,68.85,64.12,237,1.506,0,0,1.44,1.506,3.57,0.04,0,0,0,0,0,12.76
14/2/2025 20:00,56,951,950,951,949,0,21.36,21.62,22.17,21.29,21.36,22.44,23.55,21.29,15.82,15.62,16.1,15.36,70.64,70.75,67.39,172,1.685,231.2,21.29,0.57,1.685,3.41,0.27,0,0,0,0,0,12.7
14/2/2025 21:00,57,951,951,952,950,0,21.23,21.34,21.69,21.16,22.37,21.97,22.97,21.16,15.78,15.74,16.03,15.55,70.99,71.26,69.22,235,1.4,246,27.2,1.7,1.4,3.09,0.2,0,0,0,0,0,12.68
14/2/2025 22:00,58,951,952,952,951,0,21.09,21.13,21.47,20.93,22.17,21.46,22.68,20.93,15.78,15.82,16.16,15.67,71.61,72.76,70.59,219,1.1,255.7,30.83,1.64,1.1,2.29,0.05,0,0,0,0,0,12.66
14/2/2025 23:00,59,951,951,952,951,0,21.37,21.14,21.67,20.82,21.37,21.45,22.82,20.82,15.39,15.61,15.97,15.36,68.69,72.69,68.49,245,1.035,0,0,1.02,1.035,2.12,0.02,0,0,0,0,0,12.64
15/2/2025 0:00,60,951,951,952,950,0,21.1,21.2,21.64,20.89,21.1,21.75,22.84,20.89,15.69,15.44,15.78,15.24,71.2,71.2,68.28,228,1.284,232.6,23.22,0.85,1.284,2.62,0.09,0,0,0,0,0,12.62
15/2/2025 1:00,61,950,950,951,949,0,20.89,20.98,21.37,20.86,22.12,21.08,22.47,20.86,15.46,15.46,15.75,15.35,71,71.2,70.12,247,0.866,0,0,1.81,0.866,2.06,0.02,0,0,0,0,0,12.59
15/2/2025 2:00,62,949,950,950,949,0,20.63,20.8,21.16,20.63,20.63,21.08,22.36,20.63,15.44,15.44,15.79,15.34,72.09,72.26,70.79,291,1.06,253.3,25.45,1.42,1.06,2.09,0.07,0,0,0,0,0,12.57
15/2/2025 3:00,63,948,949,950,948,0,20.63,20.58,20.87,20.49,20.63,20.6,22.04,20.49,15.1,15.26,15.74,15.02,70.53,72.63,70.46,231,0.779,0,0,0.96,0.779,1.64,0.01,0,0,0,0,0,12.54
15/2/2025 4:00,64,949,949,949,948,0,20.7,20.71,21,20.6,20.7,20.75,22.15,20.6,15.15,15.12,15.47,15.03,70.46,70.8,69.96,125,0.845,243.9,28.65,0.38,0.845,1.72,0.08,0,0,0,0,0,12.52
15/2/2025 5:00,65,949,949,949,948,0,20.43,20.63,21,20.36,20.43,20.69,22.1,20.36,15.06,15.12,15.51,14.95,71.21,71.82,69.85,337,0.82,268.1,50.73,0.99,0.82,1.72,0.06,0,0,0,0,0,12.51
15/2/2025 6:00,66,948,949,949,948,0,20.77,20.6,21.04,20.43,20.77,20.62,21.99,20.43,15.22,15.22,15.56,15.04,70.46,72.02,70.4,296,0.668,0,0,0.94,0.668,1.54,0.02,0,0,0,0,0,12.51
15/2/2025 7:00,67,950,949,950,948,0,21.31,21.03,21.51,20.77,21.31,21.12,22.46,20.77,15.32,15.33,15.74,15.15,68.63,71.01,68.63,239,0.849,0,0,0.6,0.849,2.02,0.01,0.122,0.07,0.122,0,253.1235,12.56
15/2/2025 8:00,68,950,949,950,949,0,23.39,22.36,23.93,21.31,23.39,22.46,25.34,21.31,15.76,15.57,16.08,15.26,62.17,69,60.61,55,0.724,0,0,0.25,0.724,1.75,0,0.377,0.289,0.555,0.122,1039.608,13.09
15/2/2025 9:00,69,949,949,950,949,0,25.18,24.52,25.68,23.29,26.94,25.23,27.37,23.29,16.03,16,16.52,15.63,56.84,62.91,55.86,199,1.332,216.8,42.29,1.76,1.332,4.25,0.07,0.563,0.633,0.813,0.329,2278.665,13.03
15/2/2025 10:00,70,948,949,950,948,0,26.17,25.65,26.49,24.7,26.17,26.92,28.3,24.84,16.36,16.09,16.5,15.86,54.73,58.54,53.38,234,1.95,209,31.03,1.11,1.95,4.53,0.09,0.911,0.794,0.926,0.357,2858.603,13.01
15/2/2025 11:00,71,948,948,949,947,0,27.42,26.82,27.66,26,29.5,28.01,29.77,26,16.48,16.19,16.67,15.95,51.23,54.59,50.05,146,1.706,221.3,48.68,2.52,1.706,4.77,0.17,1.019,0.974,1.021,0.911,3505.061,12.99
15/2/2025 12:00,72,947,947,948,946,0,29.58,28.18,29.71,27.04,32.05,29.86,32.18,27.04,16.72,16.39,16.95,16.07,45.91,51.74,45.23,220,2.117,228.6,34.22,3.32,2.117,5.5,0.13,1.03,1.043,1.068,1.019,3754.996,12.97
15/2/2025 13:00,73,947,947,947,946,0,27.18,27.84,29.88,26.91,29.15,29.87,32.39,27.11,16.49,16.48,16.95,16.24,52.01,52.69,45.23,206,3.45,230.5,26.23,3.59,3.45,7.71,0.41,0.938,1.033,1.087,0.883,3718.002,12.97
15/2/2025 14:00,74,946,946,947,946,0,27.12,27.16,28.13,26.5,29.06,29,30.3,26.54,17.13,16.66,17.13,16.37,54.35,54.92,50.19,214,3.243,231.1,25.39,3.4,3.243,7.69,0.14,0.902,0.957,1.036,0.884,3445.349,12.99
15/2/2025 15:00,75,946,946,947,946,0,26.24,26.42,27.25,25.83,27.96,28.13,29.21,25.83,16.99,16.76,17.11,16.55,56.72,57.23,53.3,179,3.029,229.9,28.3,3.17,3.029,7.68,0.34,0.789,0.823,0.902,0.44,2963.243,12.99
15/2/2025 16:00,76,947,946,947,946,0,25.7,25.83,26.51,25.36,27.56,27.35,28.47,25.49,16.65,16.73,17.22,16.49,57.31,58.45,55.41,240,2.509,228.9,26.55,2.42,2.509,5.7,0.14,0.371,0.417,0.783,0.312,1499.664,12.99
15/2/2025 17:00,77,947,947,948,946,0,24.66,25.56,26.52,24.63,26.08,27.07,28.31,24.73,16.37,16.56,16.99,16.31,59.89,60.09,55.01,234,2.677,226.3,24.7,2.48,2.677,6.75,0.36,0.11,0.364,0.611,0.11,1309.973,13.01
15/2/2025 18:00,78,948,947,948,946,0,23.16,23.68,24.7,22.89,24.34,24.89,26.16,22.96,16.58,16.41,16.75,16.29,66.42,67.1,59.96,189,2.599,217.5,18.57,3.07,2.599,5.54,0.24,0,0.048,0.11,0,174.3087,12.96
15/2/2025 19:00,79,949,948,949,947,0,21.83,22.36,23.3,21.83,22.79,23.34,24.55,21.9,16.5,16.5,16.87,16.34,71.66,71.83,66.05,240,2.282,230.1,24.09,2.82,2.282,4.78,0.23,0,0,0,0,0,12.77
15/2/2025 20:00,80,950,949,950,948,0,21.36,21.66,22.17,21.32,22.27,22.35,23.51,21.32,16.47,16.57,16.93,16.39,73.63,74.03,71.39,231,1.484,248.8,26.29,1.83,1.484,3.85,0.15,0,0,0,0,0,12.71
15/2/2025 21:00,81,950,950,951,949,0,21.16,21.24,21.63,21.02,22.16,21.85,22.85,21.02,16.65,16.55,16.88,16.38,75.4,75.56,73.36,261,1.383,239.8,27.3,1.56,1.383,2.84,0.18,0,0,0,0,0,12.68
15/2/2025 22:00,82,950,950,951,950,0,20.42,20.86,21.36,20.42,21.28,21.48,22.58,20.42,16.75,16.87,17.34,16.61,79.4,80,75.33,260,1.429,248.3,31.12,1.48,1.429,3.39,0.24,0,0,0,0,0,12.66
15/2/2025 23:00,83,950,950,951,950,0,20.29,20.33,20.76,20.08,20.29,20.8,21.84,20.08,15.9,16.28,17.05,15.83,75.82,79.71,75.81,248,1.357,257.3,28.28,0.75,1.357,3.02,0.12,0,0,0,0,0,12.64
16/2/2025 0:00,84,950,950,951,949,0,19.95,20.02,20.49,19.82,19.95,20.32,21.6,19.82,15.87,15.78,16.2,15.58,77.28,77.45,75.75,225,1.196,242.8,35.1,0.74,1.196,3.05,0.21,0,0,0,0,0,12.62
16/2/2025 1:00,85,949,950,950,949,0,20.63,20.22,20.83,19.88,20.63,20.23,21.59,19.88,16.03,15.89,16.27,15.75,74.87,77.31,74.81,218,0.546,0,0,0.55,0.546,1.5,0.01,0,0,0,0,0,12.6
16/2/2025 2:00,86,948,949,950,948,0,20.93,20.93,21.31,20.63,20.93,20.94,22.29,20.63,15.94,16.01,16.32,15.9,73.04,74.97,72.5,294,0.606,0,0,0.3,0.606,1.5,0.01,0,0,0,0,0,12.57
16/2/2025 3:00,87,948,948,949,947,0,21.6,21.16,21.6,20.93,21.6,21.22,22.53,20.93,16.59,16.13,16.59,15.89,73.06,73.3,72.56,84,0.628,0,0,0.9,0.628,1.98,0.01,0,0,0,0,0,12.55
16/2/2025 4:00,88,948,948,948,947,0,21.43,21.42,21.77,21.23,21.43,21.5,22.95,21.23,16.24,16.26,16.66,16.06,72.22,73.37,71.37,153,0.768,0,0,0.84,0.768,1.66,0.04,0,0,0,0,0,12.53
16/2/2025 5:00,89,948,947,948,947,0,21.43,21.44,21.77,21.3,22.66,21.57,23.03,21.3,16.2,16.21,16.58,16.04,72.01,72.66,71.54,93,0.875,91.4,26.11,1.45,0.875,1.77,0.07,0,0,0,0,0,12.52
16/2/2025 6:00,90,947,948,948,947,0,21.51,21.46,21.78,21.31,21.51,21.51,22.88,21.31,16.33,16.35,16.76,16.18,72.3,73.38,71.94,118,0.807,84.1,20.63,1.03,0.807,1.62,0.1,0,0,0,0,0,12.52
16/2/2025 7:00,91,948,948,949,947,0,22.46,21.78,22.73,21.44,22.46,21.79,22.97,21.44,16.76,16.54,17.06,16.27,70.12,72.97,70.05,128,0.7,0,0,0.59,0.7,1.54,0.03,0.166,0.063,0.166,0,226.6082,12.54
16/2/2025 8:00,92,948,948,949,948,0,23.85,23.45,24.13,22.46,25.32,23.84,25.75,22.46,16.93,16.91,17.3,16.73,65.14,70.46,64.34,230,0.977,0,0,1.66,0.977,3.6,0.02,0.504,0.329,0.504,0.117,1183.498,13.08
16/2/2025 9:00,93,949,949,949,948,0,24.91,23.95,24.91,23.44,26.58,25.12,26.65,23.44,16.6,16.64,17.2,16.37,59.89,65.54,59.89,242,2.101,231.9,23.71,1.54,2.101,4.61,0.34,0.756,0.636,0.756,0.506,2290.428,13.04
16/2/2025 10:00,94,949,948,949,948,0,25.71,24.84,25.94,24.13,27.35,25.8,27.68,24.13,16.5,16.48,16.91,16.23,56.76,62.47,56.7,196,1.637,217.9,38.18,3.34,1.637,4.73,0.1,0.919,0.715,1.113,0.436,2573.596,13.02
16/2/2025 11:00,95,947,948,949,947,0,27.38,26.51,27.92,25.3,29.39,27.58,29.85,25.3,16.78,16.66,17.11,16.38,52.34,58.45,51.06,231,1.608,216.9,51.03,2.18,1.608,4.89,0.06,1.207,1.028,1.234,0.537,3700.541,12.97
16/2/2025 12:00,96,948,947,948,947,0,27.24,27.31,28.25,26.66,29.29,29.07,30.45,26.76,16.61,16.75,17.22,16.5,52.21,54.3,50.1,249,2.795,228.6,33.52,1.57,2.795,6.95,0.2,0.86,1.072,1.228,0.496,3857.408,12.97
16/2/2025 13:00,97,946,947,948,946,0,27.79,27.27,28.13,26.64,29.84,29.13,30.27,26.67,16.73,16.66,17.06,16.44,50.93,53.91,50.32,212,3.083,230.9,30.33,5.59,3.083,6.9,0.32,1.013,1.04,1.087,0.7,3744.013,12.99
16/2/2025 14:00,98,947,947,947,946,0,26.47,26.93,27.79,26.17,26.47,28.74,29.84,26.17,16.31,16.48,16.91,16.18,53.57,54.79,50.69,204,3.121,233.6,28.32,1.02,3.121,6.85,0.41,0.894,0.959,1.019,0.894,3450.867,12.99
16/2/2025 15:00,99,946,946,947,946,0,26.24,26.28,27.12,25.63,28,27.93,29.08,25.7,16.11,16.18,16.59,15.93,53.64,55.47,51.88,280,3.016,229.2,25.99,4.22,3.016,7.55,0.18,0.728,0.813,0.898,0.728,2925.581,12.99
16/2/2025 16:00,100,946,946,947,946,0,25.5,25.31,26.37,24.75,27.21,26.79,28.02,24.78,15.77,15.9,16.38,15.62,54.86,57.37,53.44,193,3.044,229,25.89,1.62,3.044,6.84,0.23,0.555,0.635,0.728,0.555,2284.578,13
16/2/2025 17:00,101,947,947,948,946,0,24.09,24.6,25.77,23.82,25.64,25.94,27.61,23.82,15.4,15.55,16.13,15.3,58.26,59.35,54.59,292,2.732,232.5,26.88,1.22,2.732,6.2,0.06,0.187,0.387,0.555,0.187,1394.202,13.01
16/2/2025 18:00,102,948,948,948,947,0,22.89,23.34,24.36,22.82,22.89,24.47,25.68,22.82,15.34,15.41,15.74,15.26,62.39,63.02,58.33,229,2.491,238.2,25.84,1.95,2.491,5.58,0.34,0.041,0.135,0.262,0.041,486.4781,13.04
16/2/2025 19:00,103,949,948,950,947,0,21.97,22.3,23.2,21.97,21.97,23.24,24.55,21.97,15.16,15.26,15.67,15.09,65.22,65.29,62.35,232,1.997,244.5,26.65,0.86,1.997,4.91,0.2,0,0.004,0.041,0,14.35506,12.8
16/2/2025 20:00,104,949,950,950,949,0,21.66,21.87,22.31,21.56,22.88,22.6,23.63,21.56,15.04,15.12,15.44,14.98,65.97,66.58,64.68,244,1.569,254.7,26.43,1.72,1.569,3.54,0.16,0,0,0,0,0,12.72
16/2/2025 21:00,105,950,950,951,949,0,21.57,21.46,21.86,21.25,21.57,21.86,23.07,21.25,15.21,15.14,15.44,14.96,67.06,68.07,65.97,290,1.147,260.6,33.44,0.54,1.147,2.99,0.14,0,0,0,0,0,12.69
16/2/2025 22:00,106,951,951,951,950,0,21.23,21.51,21.84,21.16,22.47,22.02,23.17,21.2,15.19,15.17,15.5,15.05,68.35,68.49,66.52,259,1.296,256.2,27.74,1.35,1.296,4.03,0.09,0,0,0,0,0,12.66
16/2/2025 23:00,107,951,951,951,950,0,20.45,20.77,21.43,20.35,20.45,21.31,22.64,20.35,15.09,15.14,15.51,14.99,71.27,71.74,68.21,224,1.393,252.7,28.85,0.32,1.393,3.3,0.13,0,0,0,0,0,12.64
17/2/2025 0:00,108,950,950,951,950,0,21.57,20.94,21.57,20.42,21.57,21.02,22.65,20.42,15.38,15.05,15.38,14.94,67.74,71.33,67.34,235,0.786,0,0,0.89,0.786,1.77,0.02,0,0,0,0,0,12.63
17/2/2025 1:00,109,950,950,951,949,0,20.28,20.86,21.64,20.28,20.28,21.49,22.91,20.28,14.9,14.95,15.36,14.65,71.13,71.74,67.13,171,1.513,248.4,27.44,0.97,1.513,4.39,0.07,0,0,0,0,0,12.61
17/2/2025 2:00,110,949,950,951,949,0,20.36,20.24,20.66,20.05,20.36,20.29,21.67,20.05,14.93,14.97,15.3,14.85,70.94,72.5,70.87,0,0.611,0,0,0.2,0.611,2.21,0.01,0,0,0,0,0,12.59
17/2/2025 3:00,111,950,949,950,949,0,20.36,20.49,20.9,20.33,20.36,20.7,21.99,20.33,14.99,15,15.33,14.89,71.21,71.41,69.85,220,0.999,246.8,31.17,0.92,0.999,2.47,0.09,0,0,0,0,0,12.56
17/2/2025 4:00,112,949,949,950,949,0,20.5,20.39,20.7,20.19,20.5,20.55,21.8,20.19,15.22,14.96,15.29,14.84,71.69,71.85,70.26,269,0.995,246.6,31.85,0.99,0.995,2.03,0.1,0,0,0,0,0,12.54
17/2/2025 5:00,113,949,949,950,949,0,20.22,20.2,20.53,20.09,20.22,20.52,21.65,20.09,15.02,14.99,15.32,14.88,71.96,72.5,71.28,223,1.166,0,0,0.52,1.166,2.89,0.04,0,0,0,0,0,12.52
17/2/2025 6:00,114,950,950,950,949,0,20.22,20.11,20.5,19.95,21.29,20.17,21.52,19.95,15.02,14.97,15.36,14.82,71.96,72.91,71.62,244,0.773,0,0,1.26,0.773,2.16,0.04,0,0,0,0,0,12.51
17/2/2025 7:00,115,950,950,951,949,0,20.9,20.54,21.04,20.16,20.9,20.57,22.14,20.16,15.03,14.96,15.3,14.86,69.04,72.09,68.84,217,0.822,0,0,0.85,0.822,1.77,0.02,0.099,0.039,0.099,0,139.1774,12.55
17/2/2025 8:00,116,950,951,951,950,0,21.86,21.33,22.17,20.83,23.18,21.66,23.28,20.83,15.13,15.07,15.5,14.87,65.49,69.04,65.22,246,1.115,0,0,1.5,1.115,2.27,0.04,0.244,0.184,0.244,0.099,662.6292,13.01
17/2/2025 9:00,117,951,951,952,950,0,24.14,22.84,24.25,21.83,24.14,23.32,25.93,21.83,15.51,15.35,15.88,15.05,58.49,66.37,58.35,78,1.139,215.1,48.32,0.99,1.139,3.22,0.1,0.727,0.527,0.927,0.244,1896.063,13.06
17/2/2025 10:00,118,951,951,951,950,0,24.76,24.43,25.62,23.69,24.76,25.56,27.38,23.69,15.89,15.64,16.25,15.37,57.72,60.43,55.08,58,1.894,225,32.67,0.57,1.894,4.7,0.1,0.702,0.648,0.861,0.524,2333.409,13.02
17/2/2025 11:00,119,950,950,951,949,0,25.63,25.45,26.03,24.76,25.63,26.63,27.88,24.76,15.76,15.82,16.28,15.55,54.39,57.68,53.64,250,1.767,0,0,0.77,1.767,3.81,0.02,0.618,0.617,0.82,0.534,2222.472,13
17/2/2025 12:00,120,949,950,950,949,0,27.18,26.6,27.92,25.63,29.23,27.97,30.09,25.63,15.95,15.86,16.35,15.62,50.25,54.99,48.05,200,2.012,226.3,37.47,1.24,2.012,5.44,0.18,1.087,0.877,1.536,0.599,3158.069,12.99
17/2/2025 13:00,121,949,949,950,948,0,27.38,27.37,28.26,26.84,29.36,29.19,30.43,26.9,16.07,16.13,16.59,15.89,50.04,51.8,48.62,287,2.651,231.2,32.97,2.21,2.651,6.19,0.12,0.917,1.003,1.431,0.744,3609.337,12.98
17/2/2025 14:00,122,948,949,949,948,0,25.76,26.51,28.46,25.42,27.44,28.25,30.69,25.62,15.25,15.58,16.54,15.16,52.22,53.29,47.5,219,3.625,228.6,24.55,4.45,3.625,7.47,0.44,0.632,0.753,1.445,0.583,2712.137,12.97
17/2/2025 15:00,123,948,949,949,948,0,24.79,25.49,26.31,24.75,26.15,27.02,28.03,24.82,15.12,15.24,15.67,15.04,54.86,55.27,51.2,219,3.273,226.8,25.72,3.52,3.273,7.73,0.58,0.297,0.57,0.925,0.297,2051.876,13
17/2/2025 16:00,124,948,948,949,948,0,24.09,24.56,25.84,23.69,25.59,25.91,27.66,23.75,15.11,15.1,15.52,14.91,57.18,58.27,52.36,300,2.736,228.6,23.7,3.26,2.736,6,0.19,0.208,0.278,0.338,0.208,1000.385,13.02
19/2/2025 11:00,125,948,947,949,501.5,0,26.79,26.49,27.27,25.91,28.8,28.05,29.21,25.91,15.45,15.61,16.15,15.35,49.79,53.11,49.18,270,2.309,210,26.75,2.37,2.309,5.45,0.06,0.944,0.969,1.15,0.755,2563.826,13.03
19/2/2025 12:00,126,948,948,949,947,0,25.36,26.7,28,25.36,26.87,28.49,30.15,25.56,15.02,15.6,16.21,15,52.69,53.06,47.68,220,3.042,206.6,23.24,3.78,3.042,7.14,0.31,0.683,0.882,1.269,0.532,3173.576,13.02
19/2/2025 13:00,127,948,948,948,947,0,26.06,25.23,26.19,24.6,27.85,26.68,28.13,24.6,14.83,14.87,15.37,14.47,49.93,54.22,49.8,255,2.72,206.7,26.05,3.4,2.72,6.8,0.32,0.83,0.725,0.863,0.184,2608.276,13.03
19/2/2025 14:00,128,947,947,948,946,0,25.39,25.39,26.23,24.84,26.88,26.89,27.92,24.84,14.97,14.72,15.22,14.46,52.42,53.17,49.39,217,2.798,206.7,22.63,4.67,2.798,6.94,0.29,0.831,0.898,1.03,0.137,3233.72,13.02
19/2/2025 15:00,129,947,947,948,946,0,24.98,25.18,25.7,24.75,26.65,26.65,27.49,24.82,15.01,14.97,15.38,14.74,53.84,54.42,52.08,201,2.744,210.4,27.89,2.91,2.744,6.35,0.16,0.717,0.77,0.858,0.643,2772.93,13.02
19/2/2025 16:00,130,947,947,948,946,0,24.41,24.9,25.7,24.27,25.76,26.24,27.45,24.27,14.94,15.04,15.47,14.82,55.47,55.88,52.35,195,2.521,213.4,30.91,2.35,2.521,6.12,0.08,0.456,0.564,0.716,0.389,2031.268,13.02
19/2/2025 17:00,131,947,947,948,946,0,23.01,23.82,24.96,23.01,23.01,25.02,26.7,23.01,14.59,14.74,15.28,14.5,59.01,59.08,54.15,195,2.572,208,24.66,1.12,2.572,5.5,0.47,0.204,0.298,0.456,0.204,1072.031,13.03
19/2/2025 18:00,132,948,948,949,947,0,21.82,22.35,23.35,21.79,21.82,23.39,24.77,21.82,14.66,14.61,15.01,14.42,63.72,63.99,58.4,243,2.321,205.3,22.33,1.01,2.321,4.68,0.22,0,0.093,0.204,0,335.3698,13.06
19/2/2025 19:00,133,948,949,949,948,0,21.59,21.58,22.13,21.19,22.85,22.45,23.28,21.22,14.93,14.74,15.06,14.6,65.76,66.51,63.38,211,1.89,206.7,21.44,1.57,1.89,4.08,0.55,0,0,0,0,0,12.79
19/2/2025 20:00,134,949,949,950,948,0,20.96,21.13,21.56,20.93,22.17,21.87,22.85,20.93,14.62,14.66,15.03,14.55,66.99,67.16,65.63,201,1.544,202.4,24.53,1.03,1.544,3,0.29,0,0,0,0,0,12.72
19/2/2025 21:00,135,950,949,950,949,0,20.63,20.82,21.16,20.53,21.68,21.49,22.36,20.53,14.37,14.57,14.94,14.35,67.27,67.95,66.93,209,1.491,211.8,23.38,1.5,1.491,2.98,0.16,0,0,0,0,0,12.68
19/2/2025 22:00,136,950,950,951,949,0,20.43,20.51,20.83,20.36,20.43,20.94,21.98,20.36,14.21,14.35,14.73,14.2,67.41,68.23,67.21,183,1.244,211,31.07,0.83,1.244,2.5,0.16,0,0,0,0,0,12.67
19/2/2025 23:00,137,949,950,950,949,0,20.22,20.37,20.7,20.16,20.22,20.51,21.76,20.16,14.18,14.26,14.58,14.13,68.16,68.5,67.38,252,0.92,205.9,28.62,0.28,0.92,2.02,0.05,0,0,0,0,0,12.66
20/2/2025 0:00,138,950,949,950,949,0,20.16,20.2,20.63,20.09,20.16,20.31,21.83,20.09,14.17,14.21,14.66,14.09,68.37,68.9,67.96,246,0.85,0,0,1.64,0.85,1.98,0.02,0,0,0,0,0,12.65
20/2/2025 1:00,139,948,949,950,948,0,19.72,19.98,20.36,19.69,19.72,20.06,21.29,19.69,14.04,14.09,14.42,13.99,69.66,70.07,68.23,181,0.943,209.8,21.5,0.71,0.943,1.74,0.14,0,0,0,0,0,12.64
20/2/2025 2:00,140,948,948,949,948,0,19.29,19.55,20.03,19.26,19.29,19.6,21.11,19.26,13.65,13.85,14.41,13.61,69.74,70.14,68.85,193,0.961,199.4,18.89,0.83,0.961,1.68,0.2,0,0,0,0,0,12.63
20/2/2025 3:00,141,948,948,949,947,0,18.96,19.18,19.53,18.92,18.96,19.23,20.41,18.92,13.52,13.59,13.96,13.44,70.62,70.76,69.54,200,0.826,214.3,28.92,0.72,0.826,1.81,0.06,0,0,0,0,0,12.62
20/2/2025 4:00,142,948,948,949,948,0,18.55,18.78,19.16,18.55,18.55,19,20,18.55,13.42,13.56,13.85,13.42,71.98,72.8,70.62,213,1.093,200.5,20.57,1.42,1.093,2.58,0.16,0,0,0,0,0,12.61
20/2/2025 5:00,143,949,948,949,948,0,18.21,18.34,18.79,18.07,18.21,18.36,19.52,18.07,13.02,13.22,13.67,12.99,71.64,72.66,71.44,278,0.58,0,0,0.6,0.58,1.81,0.02,0,0,0,0,0,12.6
20/2/2025 6:00,144,949,949,949,948,0,18.21,18.28,18.55,18.18,18.21,18.28,19.08,18.18,13.25,13.18,13.52,13,72.73,72.93,71.57,216,0.427,0,0,0.37,0.427,1.44,0.02,0,0,0,0,0,12.59
20/2/2025 7:00,145,948,949,949,948,0,19.29,18.62,19.5,18.14,19.29,18.63,20.15,18.14,13.45,13.3,13.75,13.15,68.86,73.03,68.79,286,0.42,0,0,0.23,0.42,1.39,0.01,0.177,0.07,0.177,0,251.0071,12.63
20/2/2025 8:00,146,949,949,950,948,0,21.7,20.34,21.83,19.23,21.7,20.38,22.72,19.23,14.41,13.79,14.56,13.31,63.19,69.06,62.85,208,0.683,0,0,0.33,0.683,1.78,0.02,0.536,0.376,0.536,0.177,1353.768,12.96
20/2/2025 9:00,147,949,949,949,948,0,23.82,22.63,24.16,21.63,25.25,23.26,25.81,21.63,14.62,14.44,15.24,14.11,56.3,63.12,55.28,187,1.324,193,41.91,2.93,1.323,3.3,0.09,0.758,0.662,0.77,0.537,2384.842,13.06
20/2/2025 10:00,148,949,949,950,948,0,25.47,24.37,25.77,23.48,27.22,25.42,27.54,23.48,14.94,14.64,15.24,14.34,52.09,57.59,50.97,196,1.688,0,0,1.72,1.688,3.7,0.04,0.836,0.814,0.931,0.635,2931.481,13.04
20/2/2025 11:00,149,948,949,949,948,0,26.78,25.98,27.19,25.23,26.78,27.32,29.13,25.3,15.46,14.99,15.59,14.68,49.85,52.69,48.09,272,1.985,206.1,35.36,1.97,1.985,4.75,0.1,1.041,0.98,1.069,0.834,3529.789,13.02
20/2/2025 12:00,150,948,948,949,947,0,28,27.18,28.27,26.37,30.14,28.9,30.44,26.37,15.32,15.17,15.79,14.89,45.99,49.78,45.65,223,2.486,208.5,31.19,2.81,2.486,5.59,0.43,0.946,0.978,1.062,0.922,3519.268,13.02
20/2/2025 13:00,151,948,948,949,947,0,27.05,27.32,28,26.78,28.97,29.18,30.14,26.98,14.92,15.13,15.61,14.92,47.38,48.76,45.85,189,2.982,199.4,25.82,3.07,2.982,6.65,0.38,1.03,0.957,1.031,0.842,3446.218,13.01
20/2/2025 14:00,152,948,947,948,947,0,26.78,26.95,28.27,26.31,28.62,28.77,30.46,26.37,14.97,14.99,15.48,14.69,48.29,49.51,45.31,194,3.158,203,24.19,3.87,3.158,6.93,0.39,0.893,0.961,1.029,0.893,3459.807,13
20/2/2025 15:00,153,947,947,948,946,0,25.9,26.45,27.32,25.76,27.6,28.18,29.28,25.76,14.8,14.87,15.38,14.67,50.32,51.07,47.1,208,3.051,200.8,24.26,3.04,3.051,6.47,0.2,0.669,0.772,0.893,0.669,2777.929,13
20/2/2025 16:00,154,947,947,948,946,0,25.39,25.54,26.37,24.88,27.11,27.09,28.21,24.95,14.89,14.83,15.23,14.67,52.15,53.3,49.31,209,2.778,209.3,25.8,1.58,2.778,6.91,0.52,0.457,0.558,0.668,0.457,2010.144,13
20/2/2025 17:00,155,947,948,948,947,0,24.7,24.93,25.9,24.36,24.7,26.27,27.6,24.42,14.65,14.76,15.14,14.6,53.52,54.8,51.13,283,2.308,207.5,27.21,0.7,2.308,4.93,0.11,0.227,0.323,0.457,0.227,1163.632,13.02
20/2/2025 18:00,156,949,948,949,947,0,23.43,24.17,25,23.43,24.94,25.32,26.64,23.43,14.59,14.68,15.03,14.53,57.54,57.74,53.52,212,2.019,210.4,26.79,2.07,2.019,4.35,0,0,0.102,0.226,0,366.8559,13.01
20/2/2025 19:00,157,949,949,950,948,0,22.17,22.8,23.57,22.17,22.17,23.77,24.94,22.17,14.4,14.53,14.87,14.36,61.36,61.53,57.47,190,1.851,206.1,21.56,1.53,1.851,3.8,0.17,0,0,0,0,0,12.77
20/2/2025 20:00,158,950,950,951,949,0,22.04,22.07,22.44,21.9,23.41,22.79,23.84,21.97,14.24,14.35,14.76,14.2,61.19,62.1,61.02,185,1.449,206.1,25.83,1.71,1.449,2.89,0.18,0,0,0,0,0,12.71
20/2/2025 21:00,159,950,950,951,950,0,21.91,22.01,22.35,21.9,23.23,22.52,23.68,21.9,14.11,14.23,14.6,14.09,61.16,62.24,60.75,184,1.211,201.2,26.46,1.66,1.211,2.37,0.11,0,0,0,0,0,12.69
20/2/2025 22:00,160,951,951,951,950,0,21.91,21.86,22.15,21.71,21.91,21.97,23.52,21.71,14.18,14.15,14.5,14.05,61.44,62.11,61.16,73,0.837,0,0,0.05,0.837,2.05,0.02,0,0,0,0,0,12.67
20/2/2025 23:00,161,951,951,951,950,0,21.58,21.68,22.18,21.51,22.86,21.8,23.29,21.51,14.02,14.14,14.51,13.97,62.05,62.83,61.44,198,0.887,214.9,37.81,1.3,0.887,1.86,0.09,0,0,0,0,0,12.66
21/2/2025 0:00,162,950,951,951,950,0,21.27,21.47,21.85,21.17,21.28,21.53,23.02,21.17,13.95,14.02,14.35,13.86,62.94,63.55,61.92,270,0.733,0,0,0.58,0.733,1.69,0.02,0,0,0,0,0,12.64
21/2/2025 1:00,163,950,950,951,949,0,21.31,21.3,21.61,21.17,21.31,21.35,22.67,21.17,13.83,13.86,14.22,13.69,62.33,63.17,62.05,187,0.67,0,0,0.41,0.67,1.8,0.02,0,0,0,0,0,12.62
21/2/2025 2:00,164,949,949,950,949,0,20.94,21.08,21.48,20.87,20.94,21.11,22.72,20.87,13.76,13.75,14.07,13.63,63.48,63.75,62.12,198,0.635,204,27.73,1.14,0.635,1.74,0.07,0,0,0,0,0,12.6
21/2/2025 3:00,165,948,949,950,948,0,20.3,20.64,21.24,20.23,20.3,20.66,22.26,20.23,13.53,13.67,14.05,13.47,65.05,65.72,63.14,95,0.613,0,0,0.11,0.613,1.57,0.03,0,0,0,0,0,12.59
21/2/2025 4:00,166,949,949,949,948,0,20.24,20.48,20.85,20.23,20.24,20.53,21.78,20.23,13.68,13.68,14.01,13.45,65.93,66.2,64.27,218,0.875,0,0,1.28,0.875,1.86,0.01,0,0,0,0,0,12.58
21/2/2025 5:00,167,949,949,949,948,0,19.57,19.91,20.44,19.57,19.57,19.92,21.31,19.57,13.64,13.66,14.05,13.46,68.52,69.06,65.93,182,0.844,202.3,21.08,1.24,0.844,1.61,0.06,0,0,0,0,0,12.57
21/2/2025 6:00,168,948,949,950,948,0,19.5,19.55,19.91,19.43,19.5,19.55,20.71,19.43,13.75,13.69,14.04,13.6,69.34,69.61,68.32,134,0.607,172.1,23.6,0.36,0.607,1.35,0.05,0,0,0,0,0,12.57
21/2/2025 7:00,169,949,949,950,948,0,21.02,20.14,21.19,19.43,22.14,20.18,22.32,19.43,13.89,13.79,14.13,13.63,63.7,69.54,63.63,240,0.609,0,0,1.52,0.61,2.08,0.02,0.252,0.086,0.252,0,308.1521,12.6
21/2/2025 8:00,170,950,949,950,949,0,23.04,21.95,23.24,20.92,24.47,22.41,24.73,20.92,14.3,14.06,14.55,13.79,57.82,64.04,57.62,255,1.179,0,0,1.26,1.179,2.46,0.04,0.545,0.405,0.545,0.252,1459.41,12.91
21/2/2025 9:00,171,950,950,950,949,0,23.89,23.36,24.09,22.76,25.41,24.36,25.74,22.76,14.23,14.28,14.74,14.05,54.67,58.83,54.67,166,1.714,216,29.96,1.74,1.714,3.84,0.12,0.775,0.661,0.775,0.545,2381.358,13.06
21/2/2025 10:00,172,950,950,950,949,0,25.63,24.58,25.63,23.55,27.45,25.73,27.45,23.55,14.49,14.43,14.86,14.18,50.12,56.2,50.12,192,1.793,194.3,38.52,1.97,1.793,3.95,0.07,0.947,0.843,0.947,0.597,3034.927,13.03
21/2/2025 11:00,173,949,949,950,948,0,26.31,26.1,26.92,24.95,28.12,27.48,28.85,24.99,14.25,14.42,14.96,14.1,47.41,52.08,46.39,153,1.959,191.7,26.86,3.21,1.959,4.82,0.2,0.629,0.869,1.015,0.522,3127.017,13.02
21/2/2025 12:00,174,948,949,949,948,0,27.8,27.38,28.57,26.27,29.87,29.1,30.82,26.47,14.43,14.46,14.95,14.16,43.96,47.44,42.47,199,2.317,209.1,32.53,4.47,2.317,5.59,0.23,1.092,0.984,1.097,0.632,3543.955,13.01
21/2/2025 13:00,175,948,948,949,948,0,27.28,27.78,28.71,27.25,29.29,29.71,30.99,27.32,14.37,14.58,15.07,14.28,45.1,45.78,42.94,194,2.819,210.6,31.91,3.33,2.819,6.74,0.25,0.953,1.028,1.094,0.914,3699.26,13
21/2/2025 14:00,176,949,948,949,948,0,26.75,26.83,27.9,25.97,28.63,28.62,30.03,26.03,14.18,14.29,14.82,14,45.99,48.15,43.89,187,3.08,210,24.95,2.8,3.08,7.54,0.09,0.889,0.955,1.026,0.55,3439.034,13
21/2/2025 15:00,177,948,948,949,948,0,24.75,25.75,26.98,24.75,26.34,27.32,28.97,24.75,14.01,14.14,14.67,13.93,51.2,51.61,45.99,202,3.088,206.5,28.63,2.16,3.088,7.25,0.46,0.712,0.802,0.889,0.432,2888.829,13
21/2/2025 16:00,178,948,948,949,948,0,24.59,24.71,25.59,24.07,25.99,26.07,27.26,24.21,14.07,14.05,14.5,13.81,51.89,53.03,49.51,198,2.966,203.8,25.48,3.75,2.966,6.89,0.16,0.478,0.581,0.81,0.297,2091.455,13.01
21/2/2025 17:00,179,949,949,949,948,0,23.55,23.89,24.76,23.41,24.85,25.15,26.17,23.41,14.3,14.16,14.6,13.88,56.06,56.44,51.89,211,2.493,199.6,23.93,3.56,2.493,5.42,0.08,0.181,0.296,0.481,0.14,1066.307,13.02
21/2/2025 18:00,180,949,949,950,948,0,22.62,23,23.75,22.62,23.9,24.06,25.14,22.62,14.04,14.21,14.54,14.03,58.29,58.96,55.69,208,2.225,204.4,24.46,1.67,2.225,5.08,0.23,0,0.098,0.181,0,353.637,13.05
21/2/2025 19:00,181,950,949,950,949,0,21.83,22.3,22.87,21.83,21.83,23.25,24.31,21.83,14.01,14.1,14.43,13.97,61.08,61.53,58.42,200,2.035,204.9,23.55,0.85,2.035,4.4,0.19,0,0,0,0,0,12.8
21/2/2025 20:00,182,951,950,951,949,0,21.29,21.65,22.17,21.26,21.29,22.48,23.51,21.26,14.04,14.06,14.42,13.91,63.26,63.49,60.95,234,1.796,210.2,25.29,1.85,1.796,4.11,0.23,0,0,0,0,0,12.72
21/2/2025 21:00,183,951,951,952,950,0,21.3,21.23,21.57,20.99,22.55,21.7,22.79,20.99,14.1,14.08,14.44,13.93,63.44,64.55,63.06,213,1.256,207.2,29.05,1.5,1.256,3.29,0.16,0,0,0,0,0,12.69
21/2/2025 22:00,184,951,952,952,950,0,21,21.06,21.5,20.9,21,21.33,22.66,20.9,14.1,14.06,14.37,13.92,64.63,64.97,63.34,102,1.01,223.4,51.71,0.27,1.01,2.34,0.09,0,0,0,0,0,12.66
21/2/2025 23:00,185,952,952,952,951,0,21.04,20.93,21.31,20.77,21.04,20.94,22.3,20.77,14.02,14.03,14.39,13.93,64.16,65.45,64.02,209,0.735,179,49.26,0.71,0.735,1.57,0,0,0,0,0,0,12.65
22/2/2025 0:00,186,951,951,952,950,0,20.9,21.05,21.38,20.87,20.9,21.17,22.46,20.87,13.94,13.99,14.33,13.87,64.36,64.56,63.61,211,0.879,0,0,0.97,0.879,1.78,0.04,0,0,0,0,0,12.63
22/2/2025 1:00,187,950,951,951,950,0,20.5,20.66,21.17,20.29,20.5,20.67,22.19,20.29,13.84,13.9,14.29,13.75,65.52,66.67,64.36,188,0.551,0,0,0.41,0.551,1.5,0.02,0,0,0,0,0,12.61
22/2/2025 2:00,188,950,950,951,949,0,20.37,20.65,21.05,20.37,20.37,20.71,22.06,20.37,13.77,13.87,14.19,13.74,65.79,66.13,64.17,176,0.753,0,0,0.38,0.753,1.72,0.02,0,0,0,0,0,12.59
22/2/2025 3:00,189,949,949,950,949,0,19.14,20.48,21.01,19.14,20.04,20.92,22.28,19.21,13.1,13.69,14.13,13.07,67.92,68.03,63.55,211,1.261,189.7,32.54,1.4,1.261,2.99,0.1,0,0,0,0,0,12.58
22/2/2025 4:00,190,949,949,950,949,0,18.62,18.73,19.34,18.51,18.62,18.88,20.18,18.51,13.15,13.12,13.44,12.98,70.42,70.89,67.89,186,0.955,195.8,23.88,0.11,0.955,3.07,0.06,0,0,0,0,0,12.56
22/2/2025 5:00,191,950,949,950,949,0,18.89,18.82,19.4,18.34,19.69,18.82,19.69,18.34,13.29,13.23,13.57,13.05,69.88,72.18,68.66,65,0.424,0,0,0.62,0.424,1.69,0.01,0,0,0,0,0,12.55
22/2/2025 6:00,192,950,950,950,949,0,19.77,19.3,19.97,18.85,19.77,19.45,20.92,18.85,13.41,13.28,13.65,13.15,66.69,69.91,66.49,35,0.876,0,0,0.31,0.876,2.37,0.02,0,0,0,0,0,12.54
22/2/2025 7:00,193,951,950,951,949,0,20.92,20.22,21.06,19.63,20.92,20.29,22.31,19.63,13.64,13.61,14.05,13.33,63.05,67.44,62.75,268,0.572,0,0,0.58,0.572,1.82,0.01,0.261,0.091,0.261,0,327.4107,12.58
22/2/2025 8:00,194,951,950,951,950,0,22.7,21.87,23.04,20.88,23.95,22.37,24.46,20.88,13.8,13.84,14.27,13.57,57.14,63.43,57.01,206,1.186,0,0,1.87,1.186,3.64,0.02,0.541,0.403,0.541,0.261,1449.618,12.95
22/2/2025 9:00,195,950,950,951,950,0,23.48,23.04,23.89,22.35,25,24.12,25.19,22.35,14.06,13.92,14.33,13.69,55.42,58.59,54.54,188,1.875,201.4,27.2,1.55,1.875,4.02,0.34,0.76,0.642,0.76,0.348,2312.967,13.06
22/2/2025 10:00,196,950,950,951,950,0,24.76,24.37,25.37,23.48,24.76,25.43,27.16,23.48,14.27,14.21,14.71,13.96,52.02,55.83,50.94,190,1.744,200.4,33.57,1.46,1.744,5.2,0.11,0.921,0.831,0.921,0.593,2992.862,13.04
22/2/2025 11:00,197,950,950,950,949,0,26.51,25.87,26.92,24.83,28.42,27.29,28.75,24.83,14.28,14.42,14.96,14.18,46.94,52.16,46.46,221,2.143,205.8,33.09,1.82,2.143,4.47,0.1,1.067,0.975,1.067,0.447,3510.188,13.03
22/2/2025 12:00,198,949,949,950,948,0,27.25,27.18,28.34,25.93,29.31,28.78,30.54,25.93,14.96,14.5,15.23,14.07,46.94,49.31,42.74,253,2.221,210.8,37.64,2.33,2.221,7.84,0.08,1.211,1.025,1.386,0.4,3688.759,13
22/2/2025 13:00,199,948,949,949,948,0,27.02,27.29,28.34,26.37,28.97,29.14,30.53,26.61,14.52,14.84,15.45,14.44,46.26,48.56,44.56,226,3.178,206.8,28.97,2.09,3.178,7.04,0.28,1.144,1.041,1.232,0.324,3746.313,13
22/2/2025 14:00,200,947,948,949,947,0,27.25,26.66,27.52,25.9,29.29,28.37,29.64,26.1,14.8,14.52,15.12,14.28,46.46,49.24,44.97,285,2.862,208.3,28.44,0.7,2.862,6.66,0.08,0.932,0.984,1.144,0.893,3543.066,13
22/2/2025 15:00,201,948,948,949,947,0,25.42,25.99,27.73,25.29,27.05,27.59,29.83,25.29,14.68,14.61,15.11,14.32,51.34,51.81,45.55,198,2.942,206.1,24.66,2.9,2.942,6.37,0.29,0.682,0.792,0.931,0.681,2850.642,13
22/2/2025 16:00,202,949,948,949,947,0,24.65,25.1,25.83,24.34,26.23,26.48,27.58,24.48,14.38,14.58,15.13,14.32,52.76,53.95,50.59,175,2.656,201,28.37,1.74,2.656,5.51,0.05,0.424,0.556,0.682,0.424,2002.536,13
22/2/2025 17:00,203,949,948,949,948,0,23.55,24.34,25.33,23.55,24.77,25.67,27.15,23.55,14.35,14.46,14.9,14.32,56.23,56.57,51.82,194,2.658,202.4,24.54,3.71,2.658,5.75,0.06,0.187,0.298,0.424,0.187,1072.514,13.02
22/2/2025 18:00,204,949,949,950,948,0,22.08,22.93,23.89,22.08,23.21,24.03,25.29,22.22,14.28,14.39,14.78,14.26,61.2,61.2,55.83,198,2.572,210.6,21.65,1.9,2.572,4.94,0.16,0,0.091,0.187,0,329.2632,13.04
22/2/2025 19:00,205,950,950,951,949,0,20.88,21.52,22.35,20.88,21.74,22.42,23.68,20.88,14.48,14.4,14.77,14.24,66.71,66.92,61.2,208,2.307,204.7,21.88,2.6,2.307,5.03,0.11,0,0,0,0,0,12.79
22/2/2025 20:00,206,951,951,952,950,0,20.15,20.53,21.15,20.12,21.19,21.21,22.28,20.12,14.47,14.58,14.94,14.38,69.78,70.15,66.54,210,1.581,204,25.19,1.54,1.581,3.48,0.11,0,0,0,0,0,12.72
22/2/2025 21:00,207,952,952,952,951,0,20.5,20.25,20.73,20.09,20.5,20.31,21.94,20.09,14.3,14.51,14.95,14.25,67.55,70.73,67.55,207,0.688,0,0,1.01,0.688,1.78,0.03,0,0,0,0,0,12.68
22/2/2025 22:00,208,951,952,952,951,0,21.04,20.85,21.31,20.5,21.04,20.97,22.35,20.5,14.48,14.4,14.82,14.2,66.09,67.68,65.92,41,0.819,0,0,1.43,0.819,2.11,0.02,0,0,0,0,0,12.66
22/2/2025 23:00,209,951,951,952,950,0,20.77,21.03,21.38,20.77,21.89,21.2,22.6,20.83,14.34,14.43,14.72,14.26,66.6,66.73,65.11,203,0.858,0,0,1.95,0.858,2.09,0.02,0,0,0,0,0,12.65
23/2/2025 0:00,210,950,951,952,950,0,19.14,19.97,20.97,19.11,19.14,20.55,22.02,19.11,14.5,14.45,14.76,14.31,74.4,74.6,66.67,185,1.428,198.2,20.42,0.17,1.428,2.88,0.08,0,0,0,0,0,12.62
23/2/2025 1:00,211,950,950,951,950,0,19.57,19.4,19.84,19.04,19.57,19.4,20.46,19.04,14.47,14.51,14.81,14.38,72.32,74.81,72.32,188,0.737,0,0,1.08,0.737,1.45,0.04,0,0,0,0,0,12.61
23/2/2025 2:00,212,949,950,951,949,0,19.63,19.66,19.97,19.53,19.63,19.68,20.79,19.53,14.42,14.46,14.76,14.35,71.78,72.46,71.44,163,0.694,0,0,0.64,0.694,1.58,0.03,0,0,0,0,0,12.58
23/2/2025 3:00,213,950,949,950,949,0,19.4,19.69,20.14,19.4,19.4,19.81,21.13,19.4,14.35,14.44,14.79,14.32,72.52,72.66,70.93,199,0.955,199.7,22.63,1.24,0.955,1.89,0.13,0,0,0,0,0,12.56
23/2/2025 4:00,214,949,949,950,949,0,19.29,19.22,19.67,19.02,19.29,19.24,20.59,19.02,14.26,14.34,14.69,14.22,72.56,74.19,72.52,89,0.567,0,0,0.31,0.567,1.73,0.01,0,0,0,0,0,12.54
23/2/2025 5:00,215,949,949,950,948,0,19.57,19.41,19.91,19.23,19.57,19.48,20.87,19.23,14.23,14.24,14.64,13.94,71.23,72.93,70.49,212,0.725,0,0,1.28,0.725,1.72,0.03,0,0,0,0,0,12.53
23/2/2025 6:00,216,950,950,950,949,0,19.33,19.16,19.8,18.85,19.33,19.19,20.86,18.85,14.21,14.17,14.55,14.02,72.18,74.36,71.17,161,0.535,0,0,0.63,0.535,1.84,0.02,0,0,0,0,0,12.52
23/2/2025 7:00,217,950,950,951,949,0,20.75,19.96,20.96,19.29,20.75,20,21.98,19.29,13.87,14,14.54,13.76,64.65,72.46,64.55,149,0.637,0,0,0.88,0.637,1.9,0.03,0.266,0.09,0.266,0,324.0453,12.56
23/2/2025 8:00,218,950,950,951,950,0,22.43,21.85,22.77,20.75,23.86,22.25,24.09,20.75,14.4,14.1,14.73,13.8,60.37,64.72,59.59,149,0.996,0,0,1.76,0.996,3.34,0.01,0.535,0.397,0.535,0.266,1429.794,12.86
23/2/2025 9:00,219,950,950,951,950,0,23.96,23.09,24.23,22.29,25.58,23.88,25.86,22.35,14.35,14.39,14.87,14.19,54.88,61.1,54.61,201,1.484,199.9,39.79,1.04,1.484,3.5,0.06,0.766,0.656,0.766,0.535,2363.028,13.06
23/2/2025 10:00,220,949,950,951,949,0,26.1,24.99,26.1,23.82,27.95,26.11,27.95,23.82,14.85,14.45,14.89,14.21,49.88,55.49,49.31,252,1.824,208.2,41.22,2.75,1.824,5.47,0.05,0.94,0.832,0.942,0.585,2995.234,13.03
23/2/2025 11:00,221,949,950,950,949,0,26.71,26.18,26.92,25.63,28.66,27.63,28.72,25.76,14.91,14.61,15.17,14.27,48.29,50.46,47.24,239,2.139,208.4,34.53,2.04,2.139,4.73,0.07,1.035,0.992,1.036,0.941,3569.609,13.02
23/2/2025 12:00,222,949,949,950,948,0,27.12,27.13,28,26.51,29.17,28.78,30.02,26.58,15.54,14.91,15.98,14.22,49.1,49.51,44.87,193,2.549,0,0,0.54,2.549,6.58,0.02,1.055,1.055,1.068,1.035,3798.957,13.01
23/2/2025 13:00,223,949,948,949,947,0,26.51,26.89,27.73,26.24,28.22,28.69,29.77,26.44,15.67,15.28,15.82,14.97,51.34,51.61,47.27,221,3.145,211.8,24.94,4.71,3.145,7.1,0.16,1.009,1.041,1.063,1.006,3746.655,13.01
23/2/2025 14:00,224,948,948,948,947,0,25.56,25.56,26.37,24.58,27.17,27.13,28.18,24.61,15.73,15.52,16.01,15.27,54.49,56.55,51.17,176,3.342,200.7,22.92,2.48,3.342,7.84,0.16,0.872,0.946,1.009,0.872,3404.641,13.01
23/2/2025 15:00,225,947,947,948,947,0,24.88,25.12,25.9,24.31,26.35,26.57,27.67,24.41,15.81,15.63,16.08,15.4,57.03,58.18,53.64,226,2.969,203.1,23.97,2.75,2.969,6.63,0.31,0.676,0.781,0.871,0.676,2810.649,13.01
23/2/2025 16:00,226,947,947,948,947,0,24.28,24.59,25.39,23.98,25.48,25.94,27.1,24.01,15.55,15.69,16.1,15.44,58.12,59.47,54.86,172,2.621,210,28.23,4.51,2.621,6.33,0.13,0.427,0.552,0.676,0.176,1986.857,13.02
23/2/2025 17:00,227,948,947,948,947,0,23.62,23.88,24.36,23.55,25.08,25.04,25.89,23.62,15.28,15.5,15.86,15.25,59.49,60.37,58.26,218,2.452,211.4,29.86,2.18,2.452,6.42,0.29,0.238,0.327,0.426,0.238,1178.574,13.03
23/2/2025 18:00,228,948,948,949,947,0,22.89,23.23,23.89,22.76,22.89,24.27,25.34,22.76,15.1,15.06,15.63,14.75,61.4,61.4,58.81,175,2.179,206.2,26.37,1.12,2.179,5.42,0.36,0,0.086,0.237,0,311.074,13.04
23/2/2025 19:00,229,949,949,950,948,0,21.76,22.23,23.1,21.69,23.04,23.25,24.58,21.69,15.36,15.23,15.62,15.05,66.88,66.98,61.4,237,2.218,200,19.62,1.2,2.218,4.44,0.65,0,0,0,0,0,12.79
23/2/2025 20:00,230,950,950,951,949,0,21.03,21.41,21.93,21.03,21.03,22.21,23.31,21.03,15.43,15.43,15.75,15.28,70.32,70.59,66.85,180,1.773,211.2,26.11,0.88,1.773,4.02,0.26,0,0,0,0,0,12.72
23/2/2025 21:00,231,950,950,951,949,0,21.03,21.02,21.37,20.79,21.03,21.36,22.59,20.79,15.45,15.49,15.83,15.38,70.39,71.47,69.68,191,1.106,219.2,55.56,1.25,1.106,2.42,0.12,0,0,0,0,0,12.69
23/2/2025 22:00,232,950,950,951,950,0,20.63,20.87,21.27,20.63,21.75,21.38,22.45,20.7,15.43,15.45,15.76,15.34,72.02,72.02,70.12,213,1.259,0,0,1.46,1.259,2.9,0.01,0,0,0,0,0,12.66
23/2/2025 23:00,233,951,950,951,949,0,20.29,20.26,20.8,19.95,20.29,20.55,21.96,19.95,15.53,15.31,15.65,15.17,74.03,74.06,71.96,212,1.145,207,22.09,1.48,1.145,2.47,0.27,0,0,0,0,0,12.65
24/2/2025 0:00,234,949,950,951,949,0,19.28,19.78,20.33,19.28,20.31,20.25,21.34,19.28,15.06,15.15,15.57,14.98,76.48,76.68,73.52,212,1.399,207.3,20.06,0.94,1.399,3.07,0.18,0,0,0,0,0,12.63
24/2/2025 1:00,235,950,950,950,949,0,19.26,19.27,19.63,19.15,19.26,19.35,20.45,19.15,15.06,15.12,15.42,15,76.59,77.44,76.37,321,0.846,258.7,69.35,0.31,0.846,1.94,0.05,0,0,0,0,0,12.61
24/2/2025 2:00,236,949,949,950,948,0,19.29,19.31,19.67,19.02,19.29,19.32,20.48,19.02,15,15.07,15.37,14.93,76.12,77.68,75.71,37,0.63,0,0,0.08,0.63,1.44,0.01,0,0,0,0,0,12.58
24/2/2025 3:00,237,949,949,950,948,0,19.33,19.37,19.77,19.16,19.33,19.38,20.5,19.16,15.06,15.05,15.39,14.94,76.26,77.07,75.31,229,0.665,0,0,0.72,0.665,1.63,0.01,0,0,0,0,0,12.55
24/2/2025 4:00,238,949,949,949,948,0,18.89,19.13,19.57,18.85,18.89,19.37,20.32,18.85,15.07,15.06,15.38,14.92,78.43,78.56,76.09,186,1.11,205.1,24.43,1.34,1.11,2.33,0.1,0,0,0,0,0,12.53
24/2/2025 5:00,239,948,949,949,948,0,18.79,18.89,19.19,18.72,18.79,18.97,20.21,18.72,15.1,15.1,15.46,14.99,79.1,79.41,77.88,187,0.937,208.9,22.12,0.7,0.937,1.88,0.07,0,0,0,0,0,12.52
24/2/2025 6:00,240,949,949,950,948,0,18.75,18.72,19.02,18.55,18.75,18.72,19.65,18.55,15.11,15.13,15.49,14.95,79.31,80.9,78.97,169,0.613,0,0,0.58,0.613,1.54,0.02,0,0,0,0,0,12.52
24/2/2025 7:00,241,950,949,950,949,0,19.7,19.07,19.87,18.65,20.68,19.08,20.69,18.65,15.18,15.15,15.49,15.02,75.1,79.95,75.1,224,0.413,0,0,1.68,0.413,2.09,0.02,0.261,0.095,0.261,0,343.3946,12.55
24/2/2025 8:00,242,950,950,951,949,0,21.15,20.41,21.25,19.7,21.89,20.71,22.39,19.7,15.41,15.25,15.7,15.12,69.69,75.31,69.69,265,1.078,185.6,52.13,2.32,1.078,3.06,0.05,0.534,0.396,0.534,0.262,1424.614,12.92
24/2/2025 9:00,243,950,950,951,949,0,22.4,21.91,23.12,21.08,22.4,22.64,24.42,21.11,15.4,15.47,16.05,15.25,64.5,70.02,62.57,256,1.487,222.1,47.59,1.13,1.487,3.65,0.06,0.754,0.648,0.754,0.534,2331.254,13.08
24/2/2025 10:00,244,949,949,950,948,0,24.15,23.58,24.53,22.3,25.59,24.25,26.13,22.3,15.4,15.56,16.06,15.33,58.05,65.86,57.51,165,1.426,0,0,2.9,1.426,4.59,0.01,0.922,0.817,0.922,0.585,2940.668,13.04
24/2/2025 11:00,245,948,949,950,948,0,25.83,25.14,26.1,23.88,27.47,26.37,27.99,23.88,15.89,15.59,16.24,15.3,54.18,59,52.69,208,1.814,0,0,3.42,1.814,4.07,0.04,1.029,0.982,1.03,0.922,3536.143,13.03
24/2/2025 12:00,246,948,948,949,947,0,27.12,26.54,27.59,25.63,29.11,28.08,29.66,25.63,15.9,15.89,16.55,15.59,50.25,54.72,49.51,198,2.357,191.9,31.06,2.66,2.357,6.51,0.11,1.053,1.046,1.056,1.03,3766.795,13.02
24/2/2025 13:00,247,947,947,948,946,0,28.07,27.44,28.68,26.58,30.23,29.23,30.95,26.58,16.41,16.21,16.94,15.75,49.1,52.49,48.09,235,2.706,210.6,39.41,3.38,2.706,8.11,0.29,1.049,1.035,1.055,1.008,3724.763,13
24/2/2025 14:00,248,946,947,948,946,0,26.1,27,28.3,26.1,27.9,28.86,30.5,26.41,15.94,16.21,16.78,15.88,53.5,53.5,48.63,181,3.415,201.9,22.52,1.44,3.415,7.13,0.39,0.884,0.953,1.051,0.884,3432.48,13
24/2/2025 15:00,249,947,947,947,946,0,26.1,26.15,27.19,25.02,27.96,27.81,29.09,25.29,16.02,16.03,16.48,15.74,53.78,56.62,51,211,3.134,198.9,24.72,1.57,3.134,6.7,0.23,0.771,0.707,1.05,0.247,2544.654,13
24/2/2025 16:00,250,947,947,947,946,0,25.83,25.66,26.58,24.95,27.57,27.28,28.49,25.02,16.43,16.09,16.49,15.84,56.08,57.97,52.76,227,2.884,196.3,24.25,2.14,2.884,6.22,0.66,0.574,0.557,0.794,0.196,2005.106,13
24/2/2025 17:00,251,947,947,947,946,0,24.5,25.11,26.01,24.5,25.96,26.57,27.71,24.57,15.89,16.01,16.42,15.84,58.67,58.94,55.13,189,2.689,203,24.54,2.69,2.689,5.91,0.2,0.197,0.342,0.574,0.194,1232.355,13.02
24/2/2025 18:00,252,948,947,949,946,0,22.76,23.58,24.84,22.76,23.72,24.81,26.44,22.82,15.87,15.95,16.27,15.84,65.06,65.2,58.33,203,2.551,204.5,21.51,2.42,2.551,5.21,0.33,0,0.074,0.197,0,264.9651,13.04
24/2/2025 19:00,253,949,948,949,947,0,21.56,22.15,23,21.42,22.54,23.09,24.44,21.46,15.82,15.85,16.2,15.72,69.76,70.24,65.06,233,2.232,203.7,21.05,2.36,2.232,4.59,0.39,0,0,0,0,0,12.79
24/2/2025 20:00,254,949,949,950,948,0,20.96,21.12,21.76,20.92,20.96,21.75,22.88,20.92,15.71,15.75,16.09,15.65,71.88,72.22,69.76,227,1.516,0,0,0.83,1.516,3.72,0.04,0,0,0,0,0,12.72
24/2/2025 21:00,255,950,950,951,949,0,21.07,21.03,21.5,20.82,21.07,21.15,22.79,20.82,15.67,15.73,16.1,15.6,71.21,72.83,70.66,201,0.8,0,0,1.43,0.8,2.26,0.04,0,0,0,0,0,12.68
24/2/2025 22:00,256,951,950,951,950,0,20.9,21.1,21.38,20.87,20.9,21.49,22.6,20.87,15.65,15.66,15.97,15.51,71.85,71.89,70.53,218,1.165,202.7,23.96,1,1.165,2.14,0.07,0,0,0,0,0,12.66
24/2/2025 23:00,257,949,950,951,949,0,20.9,20.79,21.17,20.63,20.9,20.87,22.31,20.63,15.57,15.63,15.95,15.51,71.48,73.08,71.35,165,0.808,0,0,0.7,0.808,1.76,0.02,0,0,0,0,0,12.65
25/2/2025 0:00,258,949,949,950,948,0,20.5,20.93,21.27,20.5,21.57,21.39,22.51,20.5,15.4,15.54,15.88,15.34,72.5,72.8,70.4,217,1.294,191.7,20.12,1.7,1.294,2.49,0.45,0,0,0,0,0,12.63
25/2/2025 1:00,259,948,948,949,947,0,19.88,20.21,20.66,19.88,19.88,20.43,21.73,19.88,15.27,15.36,15.66,15.23,74.67,74.77,72.57,323,0.988,237,54.88,1,0.988,2.34,0.05,0,0,0,0,0,12.61
25/2/2025 2:00,260,947,947,948,947,0,20.37,20.05,20.51,19.88,20.37,20.06,21.32,19.88,15.34,15.3,15.62,15.2,72.78,75.01,72.75,184,0.622,0,0,1.13,0.622,1.72,0.03,0,0,0,0,0,12.58
25/2/2025 3:00,261,947,947,948,946,0,19.96,20.26,20.71,19.9,19.96,20.43,21.86,19.9,15.18,15.28,15.63,15.12,73.87,74.07,72.21,187,1.006,208.2,22.56,0.56,1.006,1.87,0.06,0,0,0,0,0,12.56
25/2/2025 4:00,262,946,947,947,946,0,19.57,19.76,20.17,19.5,19.57,19.81,21.29,19.5,15.06,15.09,15.42,14.96,75.14,75.41,73.73,163,0.859,213.6,38.67,0.3,0.859,1.83,0.11,0,0,0,0,0,12.53
25/2/2025 5:00,263,948,947,948,946,0,19.29,19.48,19.87,19.23,19.29,19.51,20.77,19.23,15.01,15.02,15.4,14.92,76.19,76.46,74.76,189,0.747,211.6,26.13,0.79,0.747,1.65,0.1,0,0,0,0,0,12.52
25/2/2025 6:00,264,948,948,949,947,0,19.43,19.3,19.7,19.02,19.43,19.3,19.7,19.02,14.94,15.01,15.31,14.87,75.17,77.27,75.03,170,0.469,0,0,0.37,0.469,0.9,0.04,0,0,0,0,0,12.52
25/2/2025 7:00,265,949,949,950,948,0,20.88,20.06,21.02,19.36,20.88,20.1,21.75,19.36,15.2,15.08,15.49,14.91,69.87,75.71,69.87,41,0.732,0,0,0.4,0.732,1.6,0.01,0.257,0.084,0.257,0,302.09,12.55
25/2/2025 8:00,266,949,950,950,949,0,22.83,22.02,22.97,20.88,24.29,22.15,24.45,20.88,15.68,15.56,16.12,15.2,63.99,70.58,63.89,222,0.783,0,0,1.75,0.783,2.16,0.01,0.526,0.395,0.526,0.257,1420.567,12.85
25/2/2025 9:00,267,949,949,950,949,0,24.5,23.22,24.5,22.55,26.21,23.94,26.21,22.55,15.98,15.71,16.25,15.48,59.01,64.78,58.94,219,1.352,0,0,1.9,1.352,3.92,0.01,0.751,0.646,0.752,0.526,2324.975,13.05
25/2/2025 10:00,268,949,949,950,948,0,24.96,24.49,25.2,23.95,26.41,25.65,26.94,23.95,15.99,15.94,16.48,15.73,57.44,60.49,56.76,200,1.979,210.2,40.27,3.09,1.979,4.48,0.05,0.925,0.823,0.925,0.595,2964.487,13.04
25/2/2025 11:00,269,949,949,949,948,0,26.37,25.77,26.85,24.45,26.37,26.81,28.87,24.48,16.1,16.14,16.89,15.84,53.17,60.01,52.08,224,1.64,0,0,0.92,1.64,4.17,0.03,1.026,0.981,1.027,0.925,3529.976,13.02
25/2/2025 12:00,270,948,948,949,947,0,27.86,27.11,28.07,25.97,30.01,28.66,30.23,25.97,16.54,16.24,17,15.94,50.12,55.33,48.87,192,2.072,193.9,43.42,1.19,2.072,5.17,0.22,1.049,1.042,1.052,1.026,3752.847,13.01
25/2/2025 13:00,271,947,947,948,947,0,27.58,28.29,29.55,27.51,29.58,30.35,32.03,27.66,16.82,16.54,17.12,16.12,51.87,51.87,46.26,192,2.968,204.1,25.76,2.71,2.968,6.3,0.2,0.995,1.029,1.052,0.994,3703.875,12.99
25/2/2025 14:00,272,948,947,948,947,0,26.64,27,28.09,26.24,26.64,28.86,30.25,26.58,16.7,16.64,17.2,16.4,54.39,55.13,50.58,198,3.415,205.5,23.38,2.25,3.415,7.78,0.55,0.862,0.937,0.996,0.862,3374.262,12.99
25/2/2025 15:00,273,947,947,948,946,0,26.03,26.44,27.56,25.9,27.95,28.11,29.55,26.03,16.56,16.61,17.14,16.38,55.87,56.62,52.42,324,2.678,0,0,1.46,2.678,6.51,0.01,0.668,0.776,0.862,0.668,2794.843,13
25/2/2025 16:00,274,946,947,947,946,0,25.15,25.78,26.61,25.15,26.82,27.36,28.48,25.15,16.04,16.29,16.77,16.03,56.96,57.37,53.71,195,2.908,205.8,27.11,3.13,2.908,6.3,0.17,0.42,0.549,0.666,0.42,1977.354,13
25/2/2025 17:00,275,947,947,948,946,0,24.23,24.69,25.42,24.13,25.45,26.09,27.14,24.13,15.95,16.03,16.43,15.85,59.86,60.3,56.42,189,2.741,198.4,23.56,3.95,2.741,6.05,0.33,0.169,0.289,0.419,0.169,1039.628,13.01
25/2/2025 18:00,276,949,948,949,947,0,23.23,23.69,24.36,23.23,24.49,24.92,26,23.23,15.87,15.9,16.23,15.8,63.23,63.3,59.76,201,2.419,201,20.94,2.22,2.419,4.74,0.13,0,0.075,0.169,0,269.3557,13.03
25/2/2025 19:00,277,949,949,949,948,0,22.37,22.77,23.37,22.37,23.72,23.84,24.74,22.37,15.62,15.81,16.15,15.62,65.56,65.97,63.23,199,2.05,203.6,19.79,1.82,2.05,4.34,0.6,0,0,0,0,0,12.78
25/2/2025 20:00,278,949,949,950,949,0,21.56,22.04,22.64,21.56,22.71,22.87,23.92,21.56,15.45,15.58,16,15.44,68.14,68.24,65.22,203,1.756,212.2,22.41,2.43,1.756,4.13,0.06,0,0,0,0,0,12.72
25/2/2025 21:00,279,950,950,950,949,0,21.33,21.49,21.9,21.23,21.33,22.1,23.12,21.23,15.42,15.5,15.83,15.37,68.96,69.5,67.87,247,1.371,221,33.13,1.44,1.371,2.6,0.06,0,0,0,0,0,12.68
25/2/2025 22:00,280,950,950,950,949,0,21.24,21.35,21.71,21.17,21.24,21.59,22.92,21.17,15.44,15.46,15.8,15.3,69.44,69.92,68.62,248,0.993,209.8,42.77,1,0.993,2.17,0,0,0,0,0,0,12.66
25/2/2025 23:00,281,949,949,950,948,0,21.11,21.21,21.58,21.04,21.11,21.34,22.8,21.04,15.28,15.4,15.76,15.22,69.31,70.06,69.04,179,0.871,0,0,1.54,0.871,2.33,0,0,0,0,0,0,12.64
26/2/2025 0:00,282,949,949,949,948,0,20.5,20.72,21.34,20.43,20.5,20.93,22.55,20.43,15.19,15.25,15.58,15.11,71.55,71.89,69.31,249,0.99,213.3,30.27,0.31,0.99,2.67,0.12,0,0,0,0,0,12.62
26/2/2025 1:00,283,948,948,949,947,0,20.57,20.47,20.77,20.36,21.77,20.48,21.92,20.36,15.07,15.18,15.47,15.07,70.67,72.16,70.67,236,0.635,0,0,0.86,0.635,1.52,0.02,0,0,0,0,0,12.6
26/2/2025 2:00,284,947,948,948,947,0,19.69,20.14,20.81,19.65,19.69,20.31,21.96,19.65,14.88,15,15.38,14.81,73.73,73.73,70.71,130,0.965,207.9,26.08,0.3,0.965,1.92,0.06,0,0,0,0,0,12.57
26/2/2025 3:00,285,947,947,948,946,0,19.63,19.78,20.24,19.56,19.63,19.86,21.22,19.56,14.9,14.91,15.29,14.8,74.08,74.15,72.86,189,0.89,203,23.46,0.53,0.89,1.61,0.13,0,0,0,0,0,12.54
26/2/2025 4:00,286,947,947,948,946,0,19.29,19.46,19.87,19.23,19.29,19.51,20.98,19.23,14.83,14.86,15.21,14.72,75.27,75.47,74.01,209,0.95,192.2,15.88,0.52,0.95,1.56,0.08,0,0,0,0,0,12.52
26/2/2025 5:00,287,947,947,948,947,0,19.57,19.22,19.77,18.99,19.57,19.22,20.86,18.99,14.78,14.82,15.12,14.67,73.81,76.8,73.81,173,0.471,0,0,0.79,0.471,1.43,0.02,0,0,0,0,0,12.51
26/2/2025 6:00,288,948,948,948,947,0,19.7,19.47,19.91,19.23,19.7,19.49,20.65,19.23,14.77,14.74,15.09,14.53,73.13,75.31,73.07,24,0.539,0,0,0.67,0.539,1.6,0.01,0,0,0,0,0,12.51
26/2/2025 7:00,289,948,948,949,947,0,20.98,20.27,21.19,19.7,20.98,20.29,22.18,19.7,14.94,14.87,15.25,14.73,68.31,73.34,68.31,186,0.706,0,0,0.75,0.706,1.65,0.04,0.243,0.08,0.243,0,287.2909,12.54
26/2/2025 8:00,290,948,948,949,948,0,22.6,21.76,22.81,20.91,22.6,21.99,23.97,20.91,15.44,15.22,15.8,14.86,63.89,68.65,63.85,167,0.941,0,0,1.04,0.941,2.14,0.02,0.512,0.384,0.512,0.244,1383.132,12.86
26/2/2025 9:00,291,948,949,949,948,0,24.09,23.3,24.36,22.42,24.09,24.2,25.91,22.42,15.69,15.66,16.37,15.39,59.35,64.86,58.88,219,1.539,197.4,38.98,0.78,1.539,3.48,0.06,0.745,0.637,0.745,0.512,2294.67,13.06
26/2/2025 10:00,292,948,948,949,948,0,25.56,24.69,25.7,24.09,27.08,25.78,27.49,24.09,15.91,15.84,16.31,15.57,55.13,59.82,55.06,213,1.856,0,0,2.99,1.856,4.68,0.03,0.918,0.82,0.918,0.578,2951.446,13.04
26/2/2025 11:00,293,948,948,949,947,0,27.05,26.27,27.66,25.36,28.96,27.77,29.78,25.43,16.07,16.01,16.53,15.78,51,56.96,49.51,223,2.125,203.7,30.42,2.65,2.125,4.71,0.05,1.023,0.977,1.023,0.9,3517.747,13.02
26/2/2025 12:00,294,948,948,948,947,0,27.05,27.23,27.93,26.71,29.07,28.99,30.06,26.78,16.35,16.06,16.6,15.79,51.91,52.05,49.03,166,2.574,208.6,33.05,2.63,2.574,5.72,0.2,1.046,1.04,1.051,1.021,3745.398,13.01
26/2/2025 13:00,295,947,947,948,946,0,26.54,27.07,27.93,26.51,28.39,28.89,30.07,26.51,15.99,16.13,16.6,15.84,52.29,53.03,49.17,193,2.815,213.2,27.71,3.01,2.815,6.9,0.16,0.995,1.028,1.05,0.995,3699.703,13
26/2/2025 14:00,296,946,947,947,946,0,26.1,26.33,27.32,25.36,27.85,28.03,29.33,25.63,15.86,15.91,16.42,15.67,53.23,55.33,50.25,230,2.968,208,26.75,1.13,2.968,7.06,0.39,0.864,0.936,0.996,0.864,3368.338,13
26/2/2025 15:00,297,947,947,947,946,0,25.9,25.77,26.64,25.15,25.9,27.29,28.47,25.43,15.89,15.83,16.28,15.64,53.98,55.94,52.15,234,2.798,204.9,26.23,1.35,2.798,6.09,0.07,0.678,0.773,0.863,0.678,2783.498,13
26/2/2025 16:00,298,947,947,947,946,0,24.77,25.01,26.17,24.36,26.39,26.47,28.1,24.46,15.69,15.74,16.19,15.56,56.98,58.19,52.86,189,2.799,205.4,23.02,2.16,2.799,5.59,0.56,0.438,0.49,0.678,0.193,1765.479,13
26/2/2025 17:00,299,947,947,947,946,0,23.69,24.36,24.9,23.62,24.76,25.65,26.49,23.69,15.73,15.73,16.09,15.55,60.98,61.11,56.7,221,2.336,200.6,24.36,4.48,2.336,5.33,0.19,0.089,0.309,0.439,0.088,1111.283,13.02
26/2/2025 18:00,300,948,947,949,946,0,22.36,23.06,23.79,22.29,23.72,24.21,25.34,22.29,15.57,15.69,16.05,15.53,65.35,65.75,60.98,220,2.538,203.4,20.27,2.42,2.538,5.29,0.58,0,0.045,0.091,0,161.323,12.97
26/2/2025 19:00,301,949,949,949,948,0,21.39,21.79,22.57,21.32,21.39,22.56,23.87,21.32,15.43,15.47,15.84,15.33,68.75,69.15,65.21,184,1.859,208.4,24.41,0.55,1.859,5,0.12,0,0,0,0,0,12.76
26/2/2025 20:00,302,949,949,950,948,0,21.03,21.26,21.76,21.03,22.24,21.67,23.07,21.03,15.33,15.39,15.74,15.28,69.84,69.94,68.2,175,1.152,219.3,30.98,1.2,1.152,2.64,0.06,0,0,0,0,0,12.71
26/2/2025 21:00,303,950,950,950,949,0,21.27,21.11,21.44,20.93,21.27,21.69,22.64,20.93,15.62,15.4,15.79,15.24,70.09,70.73,68.97,192,1.389,201.7,26.12,1.07,1.389,2.69,0.28,0,0,0,0,0,12.68
26/2/2025 22:00,304,949,949,950,949,0,20.9,21.06,21.44,20.87,22.05,21.36,22.59,20.87,15.54,15.6,15.96,15.38,71.35,71.75,69.78,174,1.052,191.7,36.82,1.34,1.052,2.25,0.06,0,0,0,0,0,12.66
26/2/2025 23:00,305,949,949,950,949,0,20.83,20.91,21.38,20.63,20.83,21.28,22.47,20.63,15.69,15.57,15.91,15.35,72.33,72.33,70.53,229,1.129,222.2,28.33,1.21,1.129,2.4,0.05,0,0,0,0,0,12.64
27/2/2025 0:00,306,949,949,950,948,0,20.77,20.43,20.84,20.22,20.77,20.48,21.97,20.22,15.57,15.29,15.72,15.04,72.09,74.03,71.35,152,0.641,0,0,0.26,0.641,1.99,0.04,0,0,0,0,0,12.62
27/2/2025 1:00,307,948,949,949,948,0,20.26,20.44,20.94,20.02,20.26,20.48,21.9,20.02,15.23,15.2,15.65,14.93,72.74,73.01,70.87,231,0.69,207.4,55.14,0.72,0.69,2.14,0.07,0,0,0,0,0,12.59
27/2/2025 2:00,308,949,949,949,948,0,20.03,20.1,20.47,20.03,21.08,20.18,21.5,20.03,15.03,15.04,15.35,14.96,72.85,73.05,72.03,206,0.94,213.5,22.56,1.02,0.94,1.94,0.17,0,0,0,0,0,12.57
27/2/2025 3:00,309,948,948,949,948,0,19.53,19.64,20.27,19.48,19.53,19.78,21.3,19.48,14.93,14.93,15.29,14.81,74.72,74.96,72.65,224,0.945,209.8,27.71,1.13,0.945,2.29,0.09,0,0,0,0,0,12.54
27/2/2025 4:00,310,948,948,949,947,0,19.43,19.49,19.8,19.43,19.43,19.51,20.86,19.43,14.84,14.9,15.24,14.77,74.73,75.24,74.22,201,0.78,203.2,27.61,0.22,0.78,1.52,0.07,0,0,0,0,0,12.52
27/2/2025 5:00,311,948,948,949,947,0,19.7,19.39,19.97,19.16,19.7,19.39,19.97,19.16,14.86,14.84,15.22,14.69,73.54,75.92,73.54,162,0.476,0,0,0.92,0.476,1.14,0.02,0,0,0,0,0,12.51
27/2/2025 6:00,312,949,949,950,948,0,19.57,19.75,20.14,19.57,19.57,19.84,21.01,19.57,14.8,14.87,15.25,14.76,73.88,74.08,72.76,190,0.867,0,0,1.12,0.867,2,0.04,0,0,0,0,0,12.5
27/2/2025 7:00,313,950,949,950,949,0,20.3,19.81,20.5,19.43,20.3,19.89,21.47,19.43,15.05,14.92,15.28,14.75,71.76,74.62,71.22,210,0.867,198.6,22.19,1.29,0.867,1.95,0.1,0.093,0.048,0.093,0,174.2337,12.53
27/2/2025 8:00,314,950,950,951,949,0,21.6,20.85,21.87,20.29,22.81,21.06,22.98,20.29,15.22,15.13,15.66,14.92,66.96,71.93,66.86,218,0.998,0,0,1.09,0.998,2.38,0.03,0.254,0.182,0.496,0.093,653.7988,12.97
27/2/2025 9:00,315,951,950,951,949,0,22.91,21.88,23.08,21.39,24.23,22.57,24.43,21.39,15.67,15.42,16,15.16,63.63,68.34,63.32,179,1.397,199.7,27.58,1.46,1.397,2.64,0.17,0.455,0.336,0.864,0.232,1209.893,13.12
27/2/2025 10:00,316,951,950,951,950,0,24.8,23.8,25.21,22.71,26.28,24.54,26.88,22.71,15.74,15.79,16.79,15.53,57.05,65.56,56.57,184,1.376,0,0,2.71,1.376,3.46,0.03,0.667,0.82,0.899,0.453,2951.723,13.04
27/2/2025 11:00,317,950,950,951,949,0,26.98,25.84,27.25,24.46,26.98,26.79,29.15,24.46,16.19,16,16.83,15.66,51.61,59.41,50.66,350,1.454,221.2,61.5,0.27,1.454,4.07,0.06,1.015,0.94,1.036,0.646,3385.023,13.02
27/2/2025 12:00,318,948,949,950,948,0,27.72,27.34,28.5,26.63,29.81,28.69,30.72,26.63,15.97,16.08,16.9,15.79,48.76,52.79,47.5,160,1.793,0,0,2.28,1.793,5.01,0.02,0.661,0.787,1.183,0.55,2831.582,13
27/2/2025 13:00,319,949,949,949,948,0,28.8,28.33,29.14,27.72,31.1,30.31,31.52,27.72,16.16,16.12,16.61,15.85,46.32,49.1,45.85,176,2.542,206.5,35.68,2.63,2.542,7.45,0.26,0.46,0.836,1.404,0.408,3010.924,12.99
27/2/2025 14:00,320,948,948,949,948,0,27.05,27.38,28.94,26.33,29.02,29.3,31.25,26.37,16,16.15,16.67,15.93,50.8,53.3,46.45,172,3.225,209,23.47,1.41,3.225,7.2,0.39,0.878,0.677,1.264,0.421,2436.007,12.99
27/2/2025 15:00,321,947,948,949,947,0,26.17,26.51,27.22,25.83,28.05,28.27,29.24,25.97,15.91,16.01,16.5,15.76,53.17,54.08,50.93,186,2.826,203.7,21.59,3.56,2.826,6.05,0.62,0.436,0.556,1.047,0.421,2000.828,13
27/2/2025 16:00,322,947,948,948,947,0,24.91,25.83,26.62,24.9,26.55,27.39,28.55,24.94,15.82,15.91,16.29,15.74,56.98,57.11,52.33,186,2.469,207.3,24.57,1.83,2.469,5.3,0.49,0.197,0.331,0.485,0.197,1191.45,13.02
27/2/2025 17:00,323,948,948,949,947,0,24.51,24.7,25.18,24.24,25.93,26.07,26.92,24.24,15.85,15.84,16.24,15.69,58.48,59.22,56.57,178,2.283,205.9,24.94,1.7,2.283,4.75,0.06,0.109,0.172,0.257,0.108,619.7455,13.04
27/2/2025 18:00,324,949,948,949,948,0,23.3,23.84,24.75,23.2,24.75,25.04,26.49,23.23,15.45,15.64,16.08,15.4,61.27,61.71,58.01,212,2.16,202.9,21.26,1.19,2.16,4.89,0.24,0,0.05,0.108,0,179.3046,12.96
27/2/2025 19:00,325,950,949,950,948,0,22.78,23.02,23.51,22.75,22.78,23.99,24.9,22.78,15.18,15.34,15.76,15.13,62.17,62.54,61.2,198,1.715,200,20.44,1.62,1.715,3.32,0.09,0,0,0,0,0,12.77
27/2/2025 20:00,326,950,950,951,949,0,22.58,22.61,23.05,22.47,23.89,23.42,24.41,22.51,15.06,15.1,15.53,14.99,62.44,63.05,62,170,1.501,199,19.29,1.65,1.501,3.76,0.06,0,0,0,0,0,12.72
27/2/2025 21:00,327,950,950,951,950,0,22.37,22.39,22.78,22.31,22.37,22.79,24.21,22.31,14.93,15.03,15.33,14.93,62.71,63.56,62.37,206,1.161,199.3,22.78,1.43,1.161,2.54,0.26,0,0,0,0,0,12.69
27/2/2025 22:00,328,950,950,951,949,0,21.91,22.09,22.61,21.71,21.91,22.64,23.99,21.71,15.02,15.01,15.46,14.77,64.89,65.26,62.61,181,1.268,204.3,22.13,1.49,1.268,2.32,0.27,0,0,0,0,0,12.67
27/2/2025 23:00,329,950,950,951,949,0,21.51,21.58,22.04,21.34,21.51,21.88,23.4,21.34,14.81,14.86,15.31,14.58,65.58,66.32,64.01,233,1.059,213.1,24.28,1.02,1.059,2.62,0.05,0,0,0,0,0,12.65
28/2/2025 0:00,330,948,949,950,948,0,21.04,21.19,21.65,21,21.04,21.3,22.88,21,14.14,14.43,14.89,14.09,64.63,65.99,64.56,195,0.793,0,0,0.85,0.793,1.9,0.03,0,0,0,0,0,12.64
28/2/2025 1:00,331,949,949,949,948,0,20.5,20.75,21.24,20.46,20.5,20.76,22.28,20.46,14.05,14.16,14.5,14.02,66.46,67.01,64.67,201,0.532,0,0,0.67,0.532,1.56,0.03,0,0,0,0,0,12.61
28/2/2025 2:00,332,948,948,949,948,0,20.1,20.5,20.88,20.1,20.1,20.6,21.92,20.1,14.11,14.1,14.46,13.97,68.37,68.68,65.83,97,0.711,0,0,0.23,0.711,1.99,0.02,0,0,0,0,0,12.59
28/2/2025 3:00,333,948,948,948,947,0,20.18,20,20.45,19.7,20.18,20,21.14,19.7,14,14.12,14.42,13.99,67.57,70.22,67.5,71,0.415,0,0,0.98,0.415,1.58,0,0,0,0,0,0,12.56
28/2/2025 4:00,334,947,947,948,946,0,19.91,20.07,20.45,19.91,19.91,20.07,20.45,19.91,14.01,13.94,14.28,13.81,68.72,68.72,67.16,183,0.456,0,0,0.62,0.456,1.28,0.02,0,0,0,0,0,12.53
28/2/2025 5:00,335,947,947,948,947,0,19.57,19.84,20.38,19.5,19.57,19.89,21.34,19.5,14,13.93,14.27,13.79,70.15,70.49,67.3,149,0.718,0,0,0.5,0.718,2.03,0.02,0,0,0,0,0,12.51
28/2/2025 6:00,336,948,947,948,947,0,19.57,19.52,19.91,19.36,19.57,19.52,19.91,19.36,13.92,13.98,14.34,13.85,69.81,71.07,69.74,168,0.37,0,0,0.63,0.37,1.04,0.01,0,0,0,0,0,12.5
28/2/2025 7:00,337,948,948,949,947,0,20.94,20.3,21.18,19.57,20.94,20.32,22.03,19.57,14.27,14.13,14.58,13.89,65.58,69.95,65.52,42,0.56,0,0,0.35,0.56,1.63,0.02,0.13,0.061,0.13,0,218.374,12.54
28/2/2025 8:00,338,948,948,949,948,0,22.44,21.66,22.48,20.9,22.44,21.77,23.65,20.9,15.05,14.51,15.15,14.17,62.92,66.06,61.83,342,0.765,0,0,0.55,0.765,1.97,0.01,0.291,0.191,0.291,0.13,686.5923,13.06
