Serial Number,Variant,Software Version
1405A227561402,DichotFDMS,1.71

Date,Time,tmoAmbientRH_0,tmoTEOMAMC1Hr_0,tmoTEOMBMC1Hr_0,tmoAmbientTemp_0,tmoDichotMC1Hr_0,tmoTEOMAMC24Hr_0,tmoTEOMBMC24Hr_0,tmoDichotMC24Hr_0,tmoAmbientPressure_0,tmoStatusCondition_0,tmoTEOMAFilterLoad_0,tmoTEOMAFrequency_0,tmoTEOMANoise_0,tmoTEOMBFilterLoad_0,tmoTEOMBNoise_0,tmoTEOMBMassRate_0,tmoTEOMADryerTemp_0,tmoTEOMADryerRH_0,tmoTEOMBDryerTemp_0,tmoTEOMBDryerRH_0
2024-04-03,13:00:00,36.73,0,0,32.718,0,0,0,0,0.9268,33685568,52.4417,258.226258,0,20.7888,0,0,26.966,25.628,26.696,11.874
2024-04-03,14:00:01,35.304,0,0,33.619,0,0,0,0,0.9268,0,54.6881,258.212573,0,21.1972,0,0,25.634,26.728,25.404,11.743
2024-04-03,15:00:01,40.852,0,0,31.667,0,0,0,0,0.9268,0,51.6249,258.21278,0.008228,20.1762,0.012044,41.93,25.112,27.073,24.913,11.608
2024-04-03,16:00:00,49.445,12.8128,35.3923,29.532,48.2051,0,0,0,0.9268,0,52.8502,258.212367,0.007475,20.5846,0.012866,36.6809,24.822,27.717,24.652,11.712
2024-04-03,17:00:00,54.44,12.7242,29.4072,28.65,42.1314,0,0,0,0.9278,0,53.4628,258.211853,0.007983,20.1762,0.009091,30.6858,24.541,28.255,24.361,11.776
2024-04-03,18:00:01,62.052,7.68281,29.9064,26.764,37.5892,0,0,0,0.9268,0,54.0754,258.21105,0.011277,20.1762,0.014279,30.6808,24.16,28.467,24,11.837
2024-04-03,19:00:01,65.975,13.7296,25.0241,25.58,38.7538,0,0,0,0.9278,0,55.5049,258.210587,0.00949,19.972,0.011449,26.4024,23.819,28.542,23.719,11.787
2024-04-03,20:00:00,71.812,13.6663,18.5592,24.455,32.2255,0,0,0,0.9268,0,56.7302,258.210141,0.009465,19.7678,0.010364,19.9299,23.618,28.804,23.499,11.892
2024-04-03,21:00:00,74.311,9.82454,13.944,23.922,23.7686,0,0,0,0.9278,0,57.7513,258.209891,0.005408,19.5635,0.008272,14.9295,23.478,28.931,23.358,11.81
2024-04-03,22:00:01,76.959,10.4045,11.3134,23.39,21.7179,0,0,0,0.9278,0,57.9555,258.209551,0.009238,19.3593,0.013592,12.3564,23.408,28.994,23.278,11.807
2024-04-03,23:00:01,77.181,3.68614,6.72307,23.41,10.4092,0,0,0,0.9298,0,59.1808,258.209387,0.007494,20.1762,0.011217,7.0931,23.307,29.02,23.208,11.423
2024-04-04,00:00:00,77.854,2.93227,3.55438,23.108,6.48666,0,0,0,0.9258,0,59.1808,258.209313,0.007171,19.7678,0.011429,3.84838,23.287,29.123,23.158,11.877
2024-04-04,01:00:01,79.467,3.21649,3.80397,23.008,7.02046,0,0,0,0.9258,0,59.9976,258.209017,0.008018,19.7678,0.012749,4.12644,23.247,29.189,23.128,11.876
2024-04-04,02:00:01,80.563,11.1308,3.16744,22.706,14.2983,0,0,0,0.9268,0,60.2018,258.209013,0.007474,20.1762,0.010733,4.28138,23.217,29.186,23.098,11.494
2024-04-04,03:00:00,81.692,10.1756,4.74537,22.606,14.921,0,0,0,0.9268,0,60.6102,258.208679,0.006929,20.3804,0.00973,5.76408,23.217,29.255,23.087,11.075
2024-04-04,04:00:00,80.543,4.54966,7.18659,22.626,11.7362,0,0,0,0.9278,0,61.6313,258.208361,0.008381,19.972,0.0107,7.64309,23.247,29.05,23.118,11.8
2024-04-04,05:00:01,76.579,17.9826,6.9824,23.319,24.965,0,0,0,0.9278,0,61.8355,258.207745,0.005828,20.5846,0.009674,8.78242,23.277,28.843,23.138,11.724
2024-04-04,06:00:01,76.9,14.9412,8.46977,23.038,23.411,0,0,0,0.9268,0,62.6524,258.207024,0.007793,20.1762,0.007312,9.96588,23.277,28.844,23.158,11.344
2024-04-04,07:00:00,74.065,20.198,15.2548,24.043,35.4528,0,0,0,0.9268,0,63.0608,258.206393,0.006391,20.1762,0.010729,17.2781,23.307,28.95,23.168,11.764
2024-04-04,08:00:00,66.687,25.1086,34.1691,25.921,59.2776,0,0,0,0.9288,0,64.8987,258.205543,0.003958,20.1762,0.007274,36.6873,23.518,29.004,23.358,11.2
2024-04-04,09:00:01,59.613,23.1087,44.9789,27.406,68.0876,0,0,0,0.9278,0,66.3282,258.205005,0.005187,20.3804,0.009636,47.2992,23.819,28.612,23.639,11.669
2024-04-04,10:00:01,54.479,11.5312,25.8455,29.061,37.3767,0,0,0,0.9298,0,67.7577,258.204668,0.007704,20.3804,0.014181,27.004,24.17,28.432,23.95,11.758
2024-04-04,11:00:00,48.276,12.1575,28.4883,30.755,40.6459,0,0,0,0.9268,0,68.7787,258.204464,0.003916,19.972,0.007782,29.71,24.401,28.453,24.161,11.844
2024-04-04,12:00:00,47.537,11.3159,28.1821,31.416,39.498,0,0,0,0.9248,0,69.3914,258.204228,0.004974,19.972,0.010612,29.3195,24.521,28.533,24.291,11.849
2024-04-04,13:00:01,45.643,12.7669,40.4023,31.737,53.1692,0,0,0,0.9248,0,70.6167,258.203957,0.00644,20.3804,0.009971,41.6873,24.421,28.455,24.231,11.274
2024-04-04,14:00:00,46.789,11.6623,41.7964,30.755,53.4586,0,0,0,0.9268,0,71.8419,258.20377,0.004932,20.3804,0.012706,42.9712,24.371,28.239,24.181,10.928
2024-04-04,15:00:00,48.465,11.1676,27.7804,30.364,38.948,12.0198,20.6282,32.6481,0.9258,0,72.2504,258.203497,0.007738,19.972,0.013541,28.9029,24.411,28.384,24.221,11.846
2024-04-04,16:00:01,53.997,10.6593,29.6486,28.47,40.3079,11.9301,20.3889,32.319,0.9268,0,72.4546,258.20316,0.005504,20.5846,0.01069,30.7207,24.361,28.308,24.201,11.769
2024-04-04,17:00:00,58.285,8.26442,25.3311,27.165,33.5955,11.7443,20.2191,31.9634,0.9258,0,73.6798,258.202925,0.007838,20.1762,0.010313,26.1627,24.17,28.398,24.01,11.303
2024-04-04,18:00:00,62.411,14.4991,26.9944,25.891,41.4934,12.0283,20.0977,32.126,0.9268,0,74.4967,258.202203,0.008489,20.5846,0.012707,28.45,23.939,28.413,23.78,11.446
2024-04-04,19:00:01,63.835,11.927,24.8091,25.439,36.7361,11.9532,20.0888,32.042,0.9278,0,74.4967,258.201634,0.006508,19.972,0.011346,26.007,23.739,28.395,23.599,11.629
2024-04-04,20:00:01,67.081,11.9916,22.3101,24.847,34.3018,11.8834,20.2451,32.1285,0.9278,0,75.722,258.201177,0.006198,19.5636,0.009381,23.514,23.618,28.628,23.489,11.205
2024-04-04,21:00:00,72.992,10.6427,13.9217,24.063,24.5644,11.9175,20.2441,32.1616,0.9298,0,76.9472,258.200802,0.007893,20.3804,0.010071,14.9889,23.508,29.074,23.388,11.354
2024-04-04,22:00:00,75.133,7.10808,7.83096,23.621,14.939,11.7802,20.099,31.8792,0.9278,0,76.1304,258.200615,0.006867,19.7678,0.01058,8.54348,23.428,29.135,23.288,11.35
2024-04-04,23:00:01,76.475,7.39906,6.87872,23.289,14.2778,11.9349,20.1055,32.0404,0.9298,0,76.9472,258.200506,0.009948,20.5846,0.01188,7.62015,23.337,29.093,23.218,11.042
2024-04-05,00:00:01,74.96,4.21895,5.43813,23.088,9.65708,11.9885,20.184,32.1725,0.9298,0,76.743,258.198951,0.008296,20.1762,0.009141,5.8612,23.287,28.74,23.178,11.574
2024-04-05,01:00:00,77.859,-28.0486,7.83512,23.129,-20.2134,10.6858,20.352,31.0377,0.9278,0,76.9472,258.201755,0.005708,19.5636,0.010932,5.03127,23.267,29.19,23.138,11.876
2024-04-05,02:00:01,77.868,10.2063,5.50781,22.968,15.7141,10.6472,20.4495,31.0967,0.9268,0,77.3557,258.201739,0.007949,20.3804,0.008879,6.52975,23.227,29.152,23.098,11.875
2024-04-05,03:00:01,78.341,12.0039,7.09918,22.948,19.1031,10.7234,20.5476,31.271,0.9268,0,78.3767,258.201795,0.006823,20.3804,0.009631,8.30123,23.227,29.187,23.108,11.647
2024-04-05,04:00:00,78.575,12.9598,10.0084,22.345,22.9682,11.0738,20.6651,31.739,0.9258,0,78.9894,258.201406,0.005879,20.5846,0.007115,11.3066,23.207,29.046,23.077,11.874
2024-04-05,05:00:00,80.501,14.4645,10.5709,22.646,25.0354,10.9273,20.8147,31.7419,0.9258,0,78.7851,258.200875,0.007497,20.1762,0.008571,12.0198,23.187,29.322,23.057,11.873
2024-04-05,06:00:01,77.214,16.0843,12.8163,22.837,28.9007,10.9749,20.9958,31.9706,0.9278,0,78.9894,258.20044,0.005816,20.1762,0.007372,14.4277,23.177,28.973,23.047,11.872
2024-04-05,07:00:00,70.962,19.3492,40.1819,24.435,59.5311,10.9395,22.0344,32.9739,0.9278,0,79.8062,258.199759,0.007902,19.972,0.00877,42.1252,23.277,28.878,23.138,11.8
2024-04-05,08:00:00,63.743,28.4701,51.8654,26.664,80.3355,11.0796,22.7717,33.8513,0.9298,0,82.2568,258.200249,0.006302,19.5636,0.010115,54.7233,23.568,29.148,23.378,11.048
2024-04-05,09:00:01,60.724,32.2989,56.2547,27.627,88.5535,11.4625,23.2416,34.7041,0.9278,0,85.5242,258.197785,0.004484,19.972,0.009394,59.4964,23.929,28.97,23.719,11.062
2024-04-05,10:00:01,55.498,19.3619,30.2491,28.64,49.6111,11.7888,23.425,35.2138,0.9298,0,86.341,258.197308,0.007209,20.7888,0.007606,32.1918,24.24,28.649,24.03,11.762
2024-04-05,11:00:00,51.783,16.4338,25.4779,29.933,41.9117,11.967,23.2996,35.2666,0.9278,0,87.5663,258.197045,0.006674,20.5846,0.011323,27.1267,24.441,28.701,24.231,11.847
2024-06-12,17:00:00,-9.26,0,0,-267.85,0,0,0,0,0.9268,269484096,21.6057,256.22581,0,18.9509,0,0,26.826,27.323,26.436,15.818
2024-06-12,18:00:01,-9.26,0,0,-267.85,0,0,0,0,0.9268,0,18.9509,256.233354,0,18.5425,0,0,25.233,27.048,25.063,12.34
2024-06-12,19:00:01,-9.26,0,0,-267.85,0,0,0,0,0.9258,0,19.3593,256.235935,0.004407,18.9509,0.011467,65.2946,24.19,27.101,24.05,12.144
2024-06-12,20:00:00,-9.26,18.0953,25.9729,-267.85,44.0682,0,0,0,0.9278,0,18.7467,256.235685,0.003794,18.1341,0.011639,27.788,23.749,27.416,23.599,12.049
2024-06-12,21:00:01,-9.26,26.36,24.3857,-267.85,50.7457,0,0,0,0.9278,0,19.7678,256.234947,0.009226,18.5425,0.008438,27.0271,23.568,27.576,23.398,12.04
2024-06-12,22:00:01,-9.26,28.0425,13.2701,-267.85,41.3126,0,0,0,0.9278,0,19.972,256.233913,0.005137,18.3383,0.009042,16.0776,23.448,27.285,23.278,11.958
2024-06-12,23:00:00,-9.26,20.0312,1.3818,-267.85,21.413,0,0,0,0.9268,0,19.5636,256.233089,0.007186,17.7256,0.01136,3.3856,23.388,27.735,23.228,12.032
2024-06-13,00:00:00,-9.26,16.0979,1.58906,-267.85,17.6869,0,0,0,0.9278,0,20.5846,256.232664,0.006471,18.9509,0.009141,3.19949,23.388,27.385,23.218,11.118
2024-06-13,01:00:01,-9.26,31.1954,31.577,-267.85,62.7724,0,0,0,0.9268,0,20.3804,256.232275,0.007443,18.1341,0.013639,34.7034,23.368,25.835,23.198,11.117
2024-06-13,02:00:01,-9.26,31.695,30.1858,-267.85,61.8807,0,0,0,0.9298,0,20.7888,256.23071,0.004534,18.9509,0.00687,33.3619,23.348,27.17,23.158,11.839
2024-06-13,03:00:00,-9.26,17.4138,1.6373,-267.85,19.0511,0,0,0,0.9278,0,21.1973,256.230242,0.00518,18.5425,0.007964,3.37936,23.287,27.306,23.128,11.495
2024-06-13,04:00:00,-9.26,19.2802,5.73994,-267.85,25.0202,0,0,0,0.9298,0,21.1973,256.229484,0.005377,18.3383,0.010025,7.6695,23.267,27.164,23.108,11.342
2024-06-13,05:00:01,-9.26,44.2867,14.6323,-267.85,58.919,0,0,0,0.9268,0,20.7888,256.227372,0.004847,18.5425,0.013587,19.0648,23.247,26.46,23.067,11.112
2024-06-13,06:00:01,-9.26,29.9424,47.0079,-267.85,76.9503,0,0,0,0.9268,0,20.993,256.226697,0.005681,18.5425,0.010112,50.0122,23.217,25.611,23.027,11.339
2024-06-13,07:00:00,-9.26,30.0277,12.8272,-267.85,42.8549,0,0,0,0.9278,0,21.4015,256.224797,0.014799,18.9509,0.009344,15.8331,23.197,26.807,23.017,10.958
2024-06-13,08:00:01,-9.26,51.2676,37.7698,-267.85,89.0374,0,0,0,0.9278,0,21.1972,256.22353,0.005455,17.9299,0.008874,42.9052,23.287,26.287,23.077,11.646
2024-06-13,09:00:01,-9.26,52.7354,134.449,-267.85,187.184,0,0,0,0.9278,0,22.2183,256.222113,0.007123,18.3383,0.024045,139.75,23.899,24.245,23.659,10.907
2024-06-13,10:00:00,-9.26,50.4728,92.355,-267.85,142.828,0,0,0,0.9298,0,22.6267,256.218827,0.006768,18.3383,0.01204,97.4217,24.571,26.286,24.311,11.621
2024-06-13,11:00:00,-9.26,35.7488,43.0706,-267.85,78.8195,0,0,0,0.9298,0,22.4225,256.217427,0.004661,18.7467,0.007742,46.6549,24.862,26.381,24.612,11.786
2024-06-13,12:00:01,58.165,26.3286,31.3786,24.887,57.7072,0,0,0,0.9268,0,22.4225,256.216313,0.005767,18.9509,0.007922,34.0183,24.912,26.88,24.652,11.826
2024-06-18,11:00:00,66.318,0,0,21.339,0,0,0,0,0.9248,101056720,0,340.805732,0,0,0,0,18.287,30.868,17.815,16.639
2024-06-18,12:00:00,61.106,0,0,22.455,0,0,0,0,0.9278,0,16.7046,257.464363,0,5.06447,0,0,22.294,26.662,22.074,11.147
2024-06-18,13:00:01,59.098,0,0,23.47,0,0,0,0,0.9258,0,16.5004,257.464122,0.005898,4.45184,0.008768,22.3339,23.899,26.231,23.78,11.065
2024-06-18,14:00:01,57.935,18.4037,24.8052,23.581,43.2088,0,0,0,0.9268,0,17.113,257.463469,0.004846,5.06447,0.00409,26.6509,24.651,25.868,24.522,11.477
2024-06-18,15:00:00,57.953,5.82242,23.8777,23.681,29.7001,0,0,0,0.9258,0,17.113,257.462888,0.003761,5.06447,0.004041,24.4648,24.892,25.817,24.752,11.563
2024-06-18,16:00:00,61.112,12.7951,29.7983,23.088,42.5935,0,0,0,0.9258,0,17.113,257.461775,0.005155,4.86025,0.005823,31.0841,24.872,25.957,24.732,11.486
2024-06-18,17:00:01,69.962,14.2322,28.3043,20.253,42.5366,0,0,0,0.9278,0,17.7256,257.460725,0.003851,5.26867,0.004824,29.7335,24.571,25.862,24.461,11.436
2024-06-18,18:00:01,74.919,2.16019,26.1759,19.307,28.3361,0,0,0,0.9258,0,16.9088,257.459774,0.004595,4.86025,0.005513,26.3972,24.3,26.264,24.211,11.235
2024-06-18,19:00:00,77.321,11.8816,25.383,19.095,37.2646,0,0,0,0.9298,0,17.9299,257.459099,0.008088,5.67711,0.007049,26.5764,24.13,26.569,24.06,11.61
2024-06-18,20:00:00,78.158,-4.42479,21.6251,18.783,17.2003,0,0,0,0.9298,0,17.113,257.457217,0.046367,4.65604,0.004814,21.1868,24.09,26.459,23.98,11.607
2024-06-18,21:00:01,79.321,21.9629,13.0292,18.441,34.992,0,0,0,0.9308,0,16.9088,257.458893,0.026756,5.47288,0.005532,15.2285,24.05,26.455,23.96,11.606
2024-06-18,22:00:00,80.164,44.0852,11.3035,18.159,55.3886,0,0,0,0.9308,0,17.5214,257.458874,0.027278,5.47288,0.004442,15.7151,24.01,26.487,23.94,11.606
2024-06-18,23:00:00,79.939,20.3176,9.87099,17.978,30.1886,0,0,0,0.9308,0,17.5214,257.458879,0.038753,4.86025,0.004772,11.9051,23.979,26.344,23.92,10.841
2024-06-19,00:00:01,79.861,17.3663,7.92272,17.857,25.2891,0,0,0,0.9268,0,17.7256,257.458486,0.047851,5.47288,0.004558,9.66128,23.969,26.237,23.89,10.84
2024-06-19,01:00:01,80.038,-25.1131,12.1742,17.837,-12.9389,0,0,0,0.9278,0,18.1341,257.458168,0.04155,5.26869,0.003424,9.66484,23.959,26.307,23.88,11.603
2024-06-19,02:00:00,80.8,-15.9137,11.0256,17.816,-4.88808,0,0,0,0.9278,0,17.7256,257.457442,0.050309,5.47288,0.003068,9.43614,23.949,26.446,23.88,11.603
2024-06-19,03:00:00,81.017,30.667,5.95338,17.786,36.6203,0,0,0,0.9278,0,17.7256,257.457987,0.018328,5.47288,0.004359,9.02188,23.939,26.446,23.87,11.221
2024-06-19,04:00:01,81.78,16.4463,7.38574,17.716,23.832,0,0,0,0.9278,0,17.9299,257.457566,0.04268,5.67711,0.002073,9.03217,23.939,26.518,23.87,11.678
2024-06-19,05:00:00,82.851,-0.97146,10.8059,17.504,9.83439,0,0,0,0.9278,0,17.7256,257.457384,0.032456,5.47288,0.004304,10.7108,23.929,26.657,23.86,11.602
2024-06-19,06:00:00,83.458,-9.68025,15.7371,17.393,6.05683,0,0,0,0.9268,0,17.5214,257.456722,0.035545,5.26867,0.004715,14.772,23.939,26.658,23.87,11.679
2024-06-19,07:00:01,83.765,22.4394,16.6525,17.434,39.092,0,0,0,0.9308,0,18.3383,257.455972,0.033206,5.67711,0.00412,18.9003,23.959,26.8,23.87,11.297
2024-06-19,08:00:01,83.644,0.807268,23.5337,17.696,24.3409,0,0,0,0.9298,0,18.7467,257.453484,0.042588,5.88132,0.003459,23.6191,23.949,26.764,23.87,11.603
2024-06-19,09:00:00,81.598,10.2574,26.1107,18.048,36.368,0,0,0,0.9308,0,18.9509,257.453517,0.025214,6.08553,0.003752,27.1418,23.989,26.556,23.9,11.146
2024-06-19,10:00:00,79.13,17.1822,20.0232,18.511,37.2054,0,0,0,0.9308,0,19.1551,257.453223,0.013394,5.67711,0.003488,21.7457,24.02,26.418,23.92,11.528
2024-06-19,11:00:01,74.905,-9.56862,26.6819,19.77,17.1133,0,0,0,0.9298,0,18.5425,257.451103,0.012559,6.08553,0.004322,25.7302,24.2,26.503,24.141,11.614
2024-06-19,12:00:00,69.181,18.6394,29.5067,20.886,48.1461,0,0,0,0.9278,0,18.7467,257.451785,0.013335,5.47288,0.004366,31.3769,24.29,26.334,24.201,11.617
2024-06-19,13:00:00,64.139,30.4403,25.2876,22.405,55.7279,10.4264,18.8739,29.3004,0.9258,0,18.5425,257.451267,0.010392,5.4729,0.004084,28.3373,24.521,26.282,24.401,10.861
2024-06-19,14:00:01,59.635,20.5827,30.4091,23.35,50.9918,10.5172,19.1074,29.6246,0.9268,0,19.1551,257.449923,0.007472,6.08553,0.004129,32.4739,24.551,26.285,24.421,11.397
2024-06-19,15:00:01,61.304,3.15379,32.1183,22.797,35.2721,10.406,19.4508,29.8568,0.9268,0,19.1551,257.447865,0.013637,5.67711,0.004079,32.4402,24.792,26.163,24.662,11.559
2024-06-19,16:00:00,65.117,33.4258,26.9383,21.942,60.3641,11.2656,19.3316,30.5972,0.9278,0,19.3593,257.447484,0.057308,6.08553,0.004292,30.287,24.802,26.2,24.712,11.714
2024-06-19,17:00:01,68.623,77.8734,25.8995,20.685,103.773,13.9174,19.2314,33.1488,0.9278,0,19.5635,257.447607,0.038078,6.49395,0.003474,33.6936,24.551,26.108,24.451,11.551
2024-06-19,18:00:01,73.609,56.4493,22.634,19.307,79.0833,16.1794,19.0838,35.2632,0.9278,0,20.1762,257.447111,0.006933,5.88132,0.005151,28.2846,24.17,26.289,24.1,11.612
2024-06-19,19:00:00,76.629,36.9634,21.3562,18.662,58.3195,17.2245,18.916,36.1405,0.9268,0,19.972,257.445894,0.025836,6.28973,0.004169,25.0575,23.959,26.448,23.87,11.679
2024-06-19,20:00:00,78.94,41.9319,17.5044,18.199,59.4363,19.156,18.7444,37.9004,0.9268,0,19.972,257.445458,0.017254,5.88132,0.006435,21.7019,23.839,26.649,23.76,10.911
2024-06-19,21:00:01,79.853,29.2137,15.2047,17.917,44.4184,19.4581,18.835,38.2931,0.9268,0,19.7678,257.445593,0.005596,5.88132,0.003964,18.1297,23.769,26.644,23.679,11.137
2024-06-19,22:00:00,79.596,-8.49071,15.3726,17.806,6.88193,17.2675,19.0045,36.272,0.9278,0,19.7678,257.445385,0.007252,5.88132,0.003176,14.5265,23.729,26.535,23.649,10.906
2024-06-19,23:00:00,79.641,-2.97786,11.9543,17.796,8.97645,16.2968,19.0914,35.3882,0.9268,0,20.3804,257.445132,0.012108,6.28973,0.003463,11.6589,23.699,26.462,23.639,11.669
2024-06-20,00:00:01,80.1,24.7373,4.50304,17.726,29.2403,16.6039,18.9489,35.5528,0.9268,0,19.7678,257.444618,0.018518,5.67711,0.005301,6.97816,23.689,26.566,23.599,11.21
2024-06-20,01:00:01,80.379,63.7495,0.866026,17.766,64.6155,20.3066,18.4777,38.7842,0.9278,0,20.1762,257.444217,0.013579,6.28973,0.003592,7.24243,23.689,26.567,23.619,11.592
2024-06-20,02:00:00,80.737,50.8501,1.94511,17.746,52.7952,23.0884,18.0993,41.1877,0.9278,0,19.972,257.444115,0.021924,6.49395,0.003684,7.03152,23.669,26.707,23.619,11.287
2024-06-20,03:00:00,80.448,44.3736,2.13425,17.937,46.5078,23.6595,17.9402,41.5997,0.9258,0,19.972,257.443593,0.042385,6.08553,0.002562,6.57293,23.689,26.707,23.629,11.173
2024-06-20,04:00:01,80.407,58.5517,4.33461,17.867,62.8863,25.4139,17.8131,43.227,0.9278,0,20.3804,257.443115,0.014158,6.08553,0.00375,10.1918,23.689,26.707,23.619,11.745
2024-06-20,05:00:00,80.36,-31.3967,12.807,18.038,-18.5896,24.1462,17.8965,42.0426,0.9268,0,20.7888,257.443088,0.022931,6.28973,0.003608,9.6693,23.709,26.708,23.619,11.745
2024-06-20,06:00:00,79.658,-17.178,16.4839,18.139,-0.694119,23.8338,17.9276,41.7613,0.9278,0,20.1762,257.442751,0.026543,6.49396,0.004021,14.7691,23.699,26.708,23.619,11.745
2024-06-20,07:00:01,79.236,38.8175,26.5206,18.28,65.3381,24.5162,18.3387,42.8549,0.9268,0,20.7888,257.442729,0.042665,6.49396,0.002811,30.4084,23.729,26.78,23.639,11.441
2024-06-20,08:00:01,77.09,61.3274,16.7837,19.015,78.1111,27.0378,18.0575,45.0953,0.9278,0,21.1973,257.440414,0.037462,6.90238,0.006448,22.9211,23.739,26.712,23.659,11.67
2024-06-20,09:00:00,75.025,59.9913,29.6166,19.659,89.6079,29.1101,18.2036,47.3137,0.9298,0,21.1973,257.440822,0.041949,6.69817,0.004645,35.6228,23.839,26.861,23.739,11.75
2024-06-20,10:00:01,71.615,31.7393,16.6159,20.554,48.3553,29.7166,18.0616,47.7783,0.9278,0,20.993,257.440429,0.013818,5.88132,0.003656,19.7938,24.01,26.732,23.88,11.222
2024-06-20,11:00:01,63.333,38.8888,37.8558,22.837,76.7447,31.7357,18.5272,50.2629,0.9298,0,20.993,257.439473,0.037453,7.1066,0.003973,41.753,24.3,26.688,24.191,11.692
2024-06-20,12:00:00,59.756,18.1664,41.941,24.013,60.1074,31.716,19.0453,50.7613,0.9278,0,21.1972,257.437717,0.066125,6.69817,0.005716,43.7664,24.772,26.48,24.652,11.712
2024-06-20,13:00:01,58.576,56.635,34.6994,24.314,91.3344,32.8074,19.4374,52.2449,0.9288,0,21.1972,257.437939,0.104868,6.49395,0.004803,40.371,25.042,26.466,24.903,10.995
2024-06-20,14:00:01,62.508,33.4753,35.9077,23.36,69.383,33.3446,19.6665,53.0112,0.9268,0,21.6057,257.437031,0.085103,6.90238,0.004205,39.2631,25.112,26.579,24.993,11.841
2024-06-20,15:00:00,60.791,24.282,33.4823,23.892,57.7643,34.225,19.7234,53.9484,0.9268,0,21.8099,257.43583,0.065827,6.69817,0.004356,35.9177,25.012,26.605,24.903,11.722
2024-06-20,16:00:01,67.895,20.7456,39.1428,21.641,59.8884,33.6966,20.2319,53.9285,0.9268,0,22.0141,257.435185,0.090521,7.31081,0.004265,41.2256,24.812,26.695,24.692,11.025
2024-06-20,17:00:01,70.811,10.2323,28.8335,21.017,39.0658,30.8783,20.3542,51.2324,0.9258,0,21.6057,257.435935,0.043318,6.69817,0.005149,29.8627,24.421,26.839,24.321,11.85
2024-06-20,18:00:00,74.615,23.8977,31.193,19.558,55.0907,29.5219,20.7108,50.2327,0.9298,0,21.4015,257.434907,0.044568,6.49396,0.00268,33.5895,24.11,26.778,24.03,11.762
2024-06-20,19:00:01,77.02,15.9022,20.7368,18.723,36.639,28.6444,20.685,49.3294,0.9278,0,21.8099,257.434794,0.031965,6.49395,0.005252,22.3315,23.959,26.731,23.88,11.756
2024-06-20,20:00:01,77.574,-12.4686,17.3237,18.682,4.85512,26.3777,20.6774,47.0551,0.9298,0,22.2183,257.434631,0.110275,7.31081,0.005602,16.0801,23.829,26.719,23.76,11.674
2024-06-20,21:00:00,75.762,58.9899,20.6121,19.216,79.6021,27.6184,20.9027,48.5211,0.9268,0,22.0141,257.434209,0.004438,7.10659,0.003861,26.5164,23.799,26.787,23.729,10.986
2024-06-20,22:00:00,78.184,11.4578,32.4419,18.602,43.8997,28.4496,21.614,50.0635,0.9278,0,21.6057,257.432448,0.059045,6.49396,0.003872,33.5944,23.829,26.86,23.739,11.75
2024-06-20,23:00:01,80.096,-28.0459,18.7259,18.34,-9.32001,27.4051,21.8961,49.3012,0.9288,0,22.4225,257.431494,0.030229,7.31081,0.003205,15.9245,23.769,26.925,23.689,11.748
2024-06-21,00:00:00,79.476,-30.7994,18.3606,17.957,-12.4389,25.091,22.4735,47.5645,0.9278,0,21.8099,257.430526,0.102809,6.69817,0.004296,15.2837,23.729,26.711,23.649,11.746
2024-06-21,01:00:00,80.027,-15.2862,9.93767,17.615,-5.34849,21.7979,22.8515,44.6494,0.9278,0,23.852,257.432352,0.035919,8.53608,0.005253,8.41073,23.689,26.567,23.619,10.905
2024-06-21,02:00:01,80.439,16.7479,5.51424,17.635,22.2621,20.377,23.0002,43.3772,0.9268,0,22.4225,257.430642,0.002651,7.31081,0.005718,7.19046,23.669,26.494,23.609,11.591
2024-06-21,03:00:01,77.228,11.6975,12.225,18.803,23.9225,19.0155,23.4207,42.4361,0.9258,0,22.4225,257.428907,0.003507,6.90238,0.002832,13.3974,23.679,26.636,23.609,11.554
2024-06-21,04:00:00,79.543,-3.68306,14.0939,17.494,10.4109,16.4223,23.8273,40.2496,0.9268,0,22.6267,257.429914,0.008827,7.51502,0.003458,13.7284,23.689,26.496,23.619,11.249
2024-06-21,05:00:00,81.295,5.31512,9.50558,17.474,14.8207,17.952,23.6897,41.6417,0.9258,0,22.4225,257.429937,0.007928,6.90238,0.00469,10.0391,23.669,26.635,23.599,11.744
2024-06-21,06:00:01,79.296,10.4381,15.3809,17.877,25.8191,19.1027,23.6438,42.7464,0.9258,0,22.6267,257.429518,0.003517,6.69817,0.003394,16.428,23.669,26.563,23.589,11.743
2024-06-21,07:00:00,78.126,14.1902,20.3074,18.652,34.4976,18.0765,23.3849,41.4614,0.9268,0,22.4225,257.429114,0.002681,7.31081,0.004311,21.7307,23.679,26.742,23.599,11.706
2024-06-21,08:00:00,76.364,29.3686,52.7459,18.944,82.1145,16.7449,24.8833,41.6282,0.9268,0,22.4225,257.427641,0.006596,7.10659,0.004642,55.6939,23.729,26.781,23.629,10.982
2024-06-21,09:00:01,76.405,26.0435,51.6569,19.417,77.7004,15.3304,25.8017,41.1321,0.9298,0,22.6267,257.426047,0.004559,7.31081,0.003624,54.2721,23.839,27.001,23.729,11.825
2024-06-21,10:00:01,74.417,8.00996,32.3999,20.494,40.4099,14.3417,26.4593,40.801,0.9298,0,22.8309,257.425278,0.007691,7.51502,0.005241,33.2075,23.959,27.223,23.85,11.831
2024-06-21,11:00:00,67.43,20.2027,34.5418,22.184,54.7445,13.5631,26.3212,39.8844,0.9298,0,22.8309,257.424363,0.004617,7.31081,0.004467,36.5694,24.31,27.041,24.161,11.92
2024-06-21,12:00:00,63.931,22.433,30.782,22.998,53.215,13.7409,25.8563,39.5972,0.9298,0,22.4225,257.423696,0.005998,6.90238,0.005355,33.0319,24.792,26.87,24.632,11.864
2024-06-21,13:00:01,62.415,-7.09329,53.6425,23.591,46.5492,11.0855,26.6456,37.7311,0.9278,0,23.4436,257.423367,0.021854,7.51502,0.007376,52.9437,25.042,26.89,24.913,11.34
2024-06-21,14:00:00,59.634,30.775,31.5038,24.575,62.2789,10.973,26.4621,37.4351,0.9268,0,23.2394,257.423072,0.026298,7.31081,0.004838,34.5882,25.193,26.691,25.073,11.882
2024-06-21,15:00:00,55.52,41.2915,48.2998,25.489,89.5913,11.6818,27.0795,38.7612,0.9278,0,23.0352,257.422358,0.011441,7.31081,0.004571,52.4394,25.253,26.624,25.103,11.884
2024-06-21,16:00:01,59.606,26.9778,64.2563,24.113,91.2341,11.9414,28.1259,40.0673,0.9278,0,23.6478,257.421184,0.012559,7.51502,0.003826,66.9675,25.112,26.684,25.003,11.305
2024-06-21,17:00:01,73.333,11.3883,39.1221,20.685,50.5103,11.9896,28.5546,40.5442,0.9298,0,23.852,257.420163,0.028151,7.71923,0.004726,40.2689,24.731,27.076,24.642,11.559
2024-06-21,18:00:00,76.526,33.9799,28.2124,19.83,62.1923,12.4097,28.4304,40.8401,0.9298,0,23.852,257.419465,0.0301,7.71923,0.005086,31.6167,24.27,27.249,24.191,11.845
2024-06-21,19:00:01,79.092,11.1126,31.666,19.005,42.7786,12.2101,28.8858,41.0959,0.9298,0,24.0562,257.41733,0.023285,7.31081,0.002864,32.7838,24.05,27.23,23.95,11.759
2024-06-21,20:00:00,80.401,5.36567,24.9807,18.652,30.3463,12.9532,29.2048,42.158,0.9278,0,23.4436,257.417519,0.048889,7.71923,0.003746,25.5223,23.909,27.359,23.82,11.601
2024-06-21,21:00:00,80.487,7.51309,20.9481,18.904,28.4612,10.8084,29.2188,40.0272,0.9308,0,24.0562,257.416972,0.010992,7.71923,0.003423,21.7038,23.829,27.352,23.739,11.597
2024-06-21,22:00:01,80.492,28.1428,17.4631,18.562,45.6059,11.5036,28.5947,40.0982,0.9298,0,23.852,257.416635,0.005556,7.51502,0.003319,20.2815,23.789,27.279,23.699,11.901
2024-06-21,23:00:01,80.509,10.686,16.2606,18.632,26.9466,13.1174,28.492,41.6094,0.9298,0,23.852,257.41593,0.005494,7.92345,0.003465,17.3327,23.769,27.277,23.679,11.823
2024-06-22,00:00:00,80.803,12.8157,16.2455,18.542,29.0612,14.9347,28.4038,43.3385,0.9298,0,23.4436,257.415813,0.028782,7.31081,0.003926,17.5306,23.769,27.277,23.689,11.671
2024-06-22,01:00:01,81.325,37.1212,17.9169,17.675,55.0381,17.1183,28.7363,45.8546,0.9288,0,24.0562,257.414954,0.005257,7.71924,0.0029,21.6333,23.719,26.639,23.649,11.746
2024-06-22,02:00:01,81.622,27.7755,20.1308,17.706,47.9063,17.5778,29.3453,46.9231,0.9268,0,24.2604,257.412858,0.018201,7.71923,0.002477,22.9129,23.638,26.738,23.579,11.667
2024-06-22,03:00:00,82.815,2.83832,17.4852,17.534,20.3235,17.2087,29.5645,46.7732,0.9268,0,24.2604,257.413722,0.004475,8.12766,0.003372,17.7726,23.658,27.162,23.579,11.056
2024-06-22,04:00:01,83.413,11.9247,10.5819,17.323,22.5066,17.859,29.4182,47.2772,0.9268,0,23.852,257.413474,0.003483,7.31081,0.002686,11.7767,23.648,27.126,23.579,11.781
2024-06-22,05:00:01,83.882,12.4698,6.88927,17.283,19.3591,18.1571,29.3092,47.4663,0.9268,0,24.0562,257.413304,0.004752,7.71923,0.002371,8.13788,23.648,27.091,23.579,11.895
2024-06-22,06:00:00,82.704,14.5301,8.70298,16.94,23.233,18.3276,29.0309,47.3585,0.9298,0,24.2604,257.412598,0.004145,7.92345,0.003827,10.158,23.648,26.563,23.559,11.132
2024-06-22,07:00:01,81.002,17.9151,22.9121,17.111,40.8272,18.4828,29.1394,47.6223,0.9298,0,24.0562,257.411911,0.00448,8.12766,0.003644,24.7086,23.658,26.317,23.579,11.285
2024-06-22,08:00:01,78.932,8.84063,9.36042,17.978,18.201,17.6275,27.3317,44.9592,0.9308,0,24.6689,257.4118,0.003251,8.12766,0.003784,10.2465,23.689,26.567,23.599,11.744
2024-06-22,09:00:00,71.674,10.4759,13.1281,20.031,23.6041,16.9788,25.7263,42.7052,0.9278,0,24.4646,257.411486,0.003435,7.31081,0.003374,14.1786,23.829,26.79,23.729,11.749
2024-06-22,10:00:00,63.832,13.9576,26.6453,22.485,40.6028,17.2267,25.4866,42.7132,0.9288,0,24.2604,257.411063,0.004575,7.92345,0.004017,28.0466,24.24,26.859,24.09,11.84
2024-06-22,11:00:01,56.863,16.8715,24.9551,24.595,41.8266,17.0879,25.0871,42.175,0.9278,0,24.6689,257.4105,0.003235,7.71923,0.003307,26.6475,24.792,26.658,24.622,11.328
2024-06-22,12:00:00,57.826,12.395,37.9354,24.244,50.3305,16.6696,25.3852,42.0548,0.9268,0,24.6689,257.409982,0.010857,7.92344,0.003291,39.1828,25.153,26.546,25.003,11.956
2024-06-22,13:00:00,54.919,4.08009,22.9203,25.539,27.0004,17.1352,24.1051,41.2403,0.9258,0,25.0773,257.40973,0.009343,8.33187,0.004256,23.333,25.313,26.418,25.183,11.045
2024-06-22,14:00:01,49.694,20.474,30.9722,26.583,51.4462,16.706,24.0829,40.7889,0.9258,0,24.8731,257.410129,0.029942,8.12766,0.00513,33.0262,25.513,26.256,25.364,11.894
2024-06-22,15:00:01,58.069,3.35256,35.7077,24.656,39.0602,15.1252,23.5583,38.6834,0.9248,0,25.2815,257.409057,0.045001,8.33187,0.004159,36.0501,25.564,26.687,25.424,12.05
2024-06-22,16:00:00,61.761,-0.606982,37.6096,23.611,37.0026,13.9758,22.448,36.4238,0.9258,0,24.6689,257.407904,0.013315,7.71923,0.002576,37.5564,25.353,26.81,25.203,12.041
2024-06-22,17:00:01,72.116,18.8662,35.3018,20.564,54.168,14.2874,22.2888,36.5762,0.9268,0,25.2815,257.406901,0.007606,8.33186,0.003836,37.1959,24.862,26.805,24.732,11.103
2024-06-22,18:00:01,77.141,20.8694,33.4837,19.226,54.3531,13.7411,22.5084,36.2496,0.9268,0,24.8731,257.406045,0.027602,8.12765,0.00365,35.5777,24.29,26.969,24.191,11.845
2024-06-22,19:00:00,79.062,18.4413,28.5608,18.602,47.0021,14.0465,22.3791,36.4255,0.9278,0,24.2604,257.404759,0.004254,7.51502,0.00442,30.411,23.969,27.153,23.88,11.527
2024-06-22,20:00:00,80.413,17.5295,27.3099,18.602,44.8394,14.5533,22.4761,37.0294,0.9288,0,24.8731,257.403798,0.004223,8.12765,0.002517,29.0687,23.809,27.491,23.719,11.139
2024-06-22,21:00:01,80.733,15.3247,19.1059,18.441,34.4306,14.8788,22.3994,37.2781,0.9278,0,25.0773,257.403156,0.004003,7.71923,0.002896,20.6425,23.759,27.416,23.669,11.67
2024-06-22,22:00:01,80.952,19.3204,17.4398,18.239,36.7602,14.5112,22.3984,36.9096,0.9298,0,25.0773,257.402369,0.004546,8.33187,0.002841,19.3757,23.749,27.275,23.649,11.974
2024-06-22,23:00:00,79.182,23.6276,16.3922,18.25,40.0198,15.0504,22.4039,37.4543,0.9278,0,25.4857,257.401789,0.01853,8.12766,0.003053,18.7587,23.729,26.852,23.639,11.822
2024-06-23,00:00:01,79.171,28.9799,16.504,18.481,45.4839,15.7239,22.4146,38.1386,0.9268,0,24.8731,257.401208,0.011088,8.12765,0.004442,19.4059,23.729,27.203,23.639,11.974
2024-06-23,01:00:00,79.962,28.8923,15.8437,18.26,44.7361,15.3811,22.3283,37.7093,0.9288,0,25.0773,257.400368,0.014788,8.12765,0.003779,18.7367,23.719,27.167,23.649,11.517
2024-06-23,02:00:00,80.846,25.604,14.8528,17.998,40.4568,15.2906,22.1083,37.3989,0.9268,0,24.6689,257.399904,0.007047,8.33187,0.004132,17.4167,23.719,27.132,23.619,11.058
2024-06-23,03:00:01,81.53,21.6128,13.6747,17.867,35.2875,16.0728,21.9496,38.0224,0.9268,0,25.6899,257.399378,0.005466,8.12766,0.005087,15.8391,23.699,27.094,23.599,11.858
2024-06-23,04:00:01,82.064,19.95,10.2292,17.696,30.1792,16.4072,21.9349,38.3421,0.9248,0,24.8731,257.397442,0.010196,7.92345,0.004156,12.2267,23.669,27.093,23.589,11.743
2024-06-23,05:00:00,82.619,18.6082,14.4077,17.454,33.0158,16.663,22.2481,38.9111,0.9258,0,25.0773,257.398271,0.0047,8.12766,0.00373,16.2717,23.669,27.058,23.589,11.362
2024-06-23,06:00:01,82.3,25.8888,11.2197,17.071,37.1085,17.1363,22.353,39.4893,0.9248,0,25.6899,257.397472,0.005362,8.33187,0.004468,13.8114,23.628,26.739,23.549,11.819
2024-06-23,07:00:01,82.491,16.303,12.8488,17.132,29.1517,17.0691,21.9337,39.0028,0.9288,0,25.4857,257.395231,0.00712,8.53608,0.003824,14.482,23.638,26.808,23.569,11.781
2024-06-23,08:00:00,82.147,22.8235,19.4292,17.504,42.2527,17.6517,22.3532,40.0049,0.9268,0,25.0773,257.395765,0.005295,8.12765,0.003274,21.7159,23.679,26.988,23.599,11.439
2024-06-23,09:00:01,75.331,37.3081,17.4114,19.629,54.7195,18.7697,22.5317,41.3014,0.9288,0,25.4857,257.395227,0.006196,9.14872,0.003739,21.1464,23.779,26.785,23.679,11.899
2024-06-23,10:00:01,70.657,36.3232,27.5687,20.997,63.8919,19.7016,22.5702,42.2718,0.9288,0,26.0984,257.394029,0.010292,8.53608,0.003299,31.2073,24.14,26.886,23.99,11.761
2024-06-23,11:00:00,62.691,3.33907,25.0442,22.747,28.3832,19.1378,22.5739,41.7117,0.9278,0,25.6899,257.393409,0.006475,8.53608,0.003138,25.3832,24.621,26.573,24.461,11.856
2024-06-23,12:00:01,58.849,17.5163,24.3937,23.802,41.91,19.3512,22.0097,41.3608,0.9258,0,25.6899,257.393084,0.010001,8.12766,0.002611,26.1506,25.022,26.323,24.862,11.873
2024-06-23,13:00:01,53.634,1.36062,26.4044,25.359,27.765,19.2378,22.1548,41.3927,0.9248,0,25.8941,257.392736,0.007434,8.53608,0.003569,26.5457,25.263,26.272,25.143,11.503
2024-06-23,14:00:00,52.953,13.1537,24.4324,25.499,37.5861,18.9328,21.8823,40.8152,0.9268,0,25.8941,257.392222,0.007118,8.74029,0.003305,25.7529,25.443,26.252,25.293,11.05
2024-06-23,15:00:00,58.494,18.7022,28.9326,24.023,47.6348,19.5724,21.6,41.1724,0.9258,0,25.8941,257.391439,0.005462,8.53608,0.004427,30.809,25.463,26.36,25.344,11.932
2024-06-23,16:00:01,64.972,16.3011,25.2807,22.284,41.5818,20.2769,21.0863,41.3632,0.9268,0,26.3026,257.390817,0.006979,8.74029,0.005823,26.9162,25.233,26.624,25.123,11.884
2024-06-23,17:00:00,72.859,15.7457,24.8868,20.333,40.6325,20.1469,20.6524,40.7993,0.9248,0,25.8941,257.390223,0.006491,8.9445,0.002721,26.4667,24.792,26.799,24.692,11.942
2024-06-23,18:00:00,77.311,18.2311,19.5185,19.347,37.7496,20.037,20.0705,40.1075,0.9268,0,25.6899,257.389672,0.007233,8.74029,0.004075,21.3459,24.31,27.217,24.231,11.541
2024-06-23,19:00:01,79.252,11.2425,21.8601,18.904,33.1026,19.737,19.7913,39.5283,0.9258,0,25.4857,257.387487,0.008823,8.33187,0.00248,22.9889,24.05,27.3,23.96,11.835
2024-06-23,20:00:01,81.012,16.8,19.2216,18.652,36.0215,19.7066,19.4543,39.1609,0.9278,0,25.8941,257.388362,0.005266,8.9445,0.003027,20.9058,23.909,27.57,23.82,11.448
2024-06-23,21:00:00,81.373,18.8522,19.0094,18.481,37.8616,19.8536,19.4503,39.3038,0.9278,0,25.8941,257.387641,0.006251,8.53608,0.005468,20.8988,23.829,27.561,23.739,11.445
2024-06-23,22:00:01,81.474,21.7691,13.669,18.703,35.4381,19.9556,19.2931,39.2488,0.9268,0,25.6899,257.384977,0.006159,8.53608,0.005662,15.8491,23.779,27.558,23.689,11.901
2024-06-23,23:00:01,82.286,23.6979,15.2209,18.471,38.9189,19.9585,19.2443,39.2029,0.9268,0,25.6899,257.38567,0.004202,8.33187,0.004411,17.5942,23.769,27.628,23.699,12.053
2024-06-24,00:00:00,82.798,21.1748,14.4269,18.219,35.6017,19.6333,19.1578,38.7911,0.9288,0,25.8941,257.385115,0.005659,8.9445,0.004241,16.5477,23.759,27.556,23.679,11.976
2024-06-24,01:00:01,83.045,18.1994,16.7438,18.078,34.9432,19.1878,19.1953,38.3831,0.9288,0,25.8941,257.384755,0.007529,8.53608,0.00439,18.5674,23.729,27.484,23.649,12.05
2024-06-24,02:00:01,83.068,8.65934,15.5975,17.998,24.2568,18.4818,19.2263,37.7081,0.9258,0,26.5068,257.384719,0.006829,8.53608,0.003985,16.4667,23.709,27.552,23.639,11.173
2024-06-24,03:00:00,83.394,8.31786,10.9108,17.917,19.2287,17.9278,19.1112,37.039,0.9258,0,25.8941,257.384459,0.00737,8.74029,0.002993,11.745,23.699,27.552,23.619,11.211
2024-06-24,04:00:00,83.019,11.0278,12.7483,17.978,23.776,17.5561,19.2161,36.7722,0.9248,0,26.0984,257.384185,0.005584,8.33187,0.003435,13.8538,23.689,27.305,23.629,11.859
2024-06-24,05:00:01,82.1,11.3906,11.4405,18.008,22.8311,17.2553,19.0925,36.3478,0.9278,0,26.0984,257.383605,0.006981,8.53608,0.003327,12.5821,23.689,27.2,23.609,11.592
2024-06-24,06:00:00,79.749,9.87959,8.95468,18.139,18.8343,16.5883,18.9981,35.5864,0.9268,0,26.3026,257.382942,0.006083,8.74029,0.004479,9.94463,23.689,26.707,23.619,11.745
2024-06-24,07:00:00,76.867,23.5509,12.6923,18.28,36.2432,16.8903,18.9916,35.8819,0.9268,0,26.0983,257.382057,0.00531,8.33187,0.005487,15.0504,23.709,26.568,23.649,11.67
2024-06-24,08:00:01,75.244,44.8334,26.3893,18.844,71.2228,17.8074,19.2816,37.089,0.9268,0,26.3026,257.380262,0.004321,8.53608,0.004801,30.8788,23.749,26.642,23.669,11.404
2024-06-24,09:00:01,75.472,34.2312,29.9467,19.206,64.1779,17.6792,19.8039,37.4831,0.9288,0,26.5068,257.378948,0.005495,8.7403,0.002734,33.3765,23.839,26.861,23.749,11.75
2024-06-24,10:00:00,75.434,27.2071,29.6292,19.246,56.8363,17.2993,19.8898,37.1891,0.9248,0,25.8941,257.377959,0.005468,8.33187,0.003646,32.3564,24.21,26.821,24.121,11.842
2024-06-24,11:00:01,71.221,18.3891,22.2619,20.474,40.651,17.9264,19.7738,37.7002,0.9268,0,26.3026,257.377413,0.01719,8.33187,0.00318,24.1056,24.431,26.769,24.291,11.85
2024-06-24,12:00:01,68.594,40.1976,25.0711,21.641,65.2687,18.8715,19.8021,38.6735,0.9268,0,26.711,257.376227,0.007555,8.74029,0.006612,29.0967,24.421,27.19,24.301,11.468
2024-06-24,13:00:00,65.985,38.9058,25.9102,22.174,64.816,20.4358,19.7815,40.2173,0.9258,0,27.3236,257.375124,0.008477,8.9445,0.003967,29.8068,24.742,26.936,24.622,11.137
2024-06-24,14:00:01,62.918,17.5227,25.5522,22.938,43.0749,20.6179,19.8281,40.446,0.9258,0,27.3236,257.374501,0.007489,8.9445,0.002707,27.3099,25.052,26.821,24.913,11.493
2024-06-24,15:00:01,62.667,15.5966,23.547,23.058,39.1436,20.4885,19.6037,40.0922,0.9258,0,26.711,257.37396,0.014066,9.14872,0.003137,25.1117,25.193,26.62,25.103,11.959
2024-06-24,16:00:00,64.839,30.8687,32.2222,22.425,63.0909,21.0955,19.893,40.9884,0.9258,0,27.1194,257.373096,0.011997,8.74029,0.004535,35.3162,25.133,26.651,25.003,11.994
2024-06-24,17:00:00,71.832,25.4605,32.6384,20.182,58.0988,21.5002,20.2159,41.7162,0.9268,0,27.1194,257.372328,0.011074,9.14871,0.0048,35.1915,24.721,26.617,24.622,11.863
2024-06-24,18:00:01,75.191,15.886,22.7779,19.337,38.6638,21.4025,20.3517,41.7543,0.9258,0,26.5068,257.371821,0.006499,8.53608,0.003702,24.3713,24.27,26.897,24.191,11.921
2024-06-24,19:00:00,78.3,12.918,19.7723,18.793,32.6903,21.4723,20.2648,41.7371,0.9288,0,27.732,257.371334,0.006629,9.35293,0.002661,21.0684,24.07,27.126,23.99,11.836
2024-06-24,20:00:00,80.174,18.0089,17.4864,18.562,35.4953,21.5227,20.1925,41.7152,0.9288,0,27.1194,257.370926,0.004084,9.14872,0.002625,19.2912,23.949,27.433,23.85,11.983
2024-06-24,21:00:01,81.699,11.6724,15.4156,18.441,27.088,21.2236,20.0427,41.2663,0.9298,0,27.5278,257.370662,0.008654,9.35293,0.003915,16.5862,23.859,27.635,23.78,11.675
2024-06-24,22:00:00,82.702,11.6845,11.8648,18.199,23.5494,20.8034,19.9675,40.7709,0.9288,0,26.711,257.370372,0.011703,8.94451,0.004188,13.0359,23.829,27.633,23.76,12.055
2024-06-24,23:00:00,83.013,-3.47377,10.5141,18.199,7.0403,19.6712,19.7714,39.4426,0.9288,0,26.9152,257.370018,0.006172,8.74029,0.003876,10.1687,23.799,27.63,23.719,11.177
2024-06-25,00:00:01,82.978,7.22355,8.89569,18.159,16.1192,19.0899,19.541,38.6309,0.9298,0,27.3236,257.369819,0.010058,8.94451,0.004054,9.61996,23.799,27.63,23.719,11.52
2024-06-25,01:00:01,82.721,9.8717,6.57568,18.018,16.4474,18.7429,19.1173,37.8602,0.9298,0,27.5278,257.369666,0.00713,9.35293,0.003799,7.56437,23.789,27.383,23.699,11.9
2024-06-25,02:00:00,82.1,12.9927,6.01283,18.008,19.0055,18.9235,18.7179,37.6414,0.9278,0,27.3236,257.36963,0.003642,8.9445,0.003638,7.31356,23.769,27.242,23.689,11.938
2024-06-25,03:00:00,82.048,-9.68602,8.38365,17.978,-1.30237,18.1733,18.6126,36.7859,0.9288,0,27.3236,257.369549,0.009451,9.14872,0.00286,7.41653,23.779,27.278,23.699,11.367
2024-06-25,04:00:01,81.628,4.43148,9.12828,18.088,13.5598,17.8985,18.4618,36.3603,0.9288,0,27.3236,257.36937,0.00634,8.94451,0.004577,9.57335,23.779,27.207,23.699,11.9
2024-06-25,05:00:00,80.103,30.3637,7.36618,17.937,37.7299,18.689,18.292,36.981,0.9268,0,26.711,257.368854,0.005886,8.53608,0.00554,10.4046,23.789,26.926,23.699,11.596
2024-06-25,06:00:00,79.37,-11.5341,15.9301,17.897,4.39598,17.7968,18.5827,36.3794,0.9288,0,26.711,257.368445,0.004976,9.14872,0.003538,14.7796,23.769,26.749,23.699,11.443
2024-06-25,07:00:01,79.481,17.3713,23.668,17.978,41.0393,17.5393,19.04,36.5793,0.9298,0,27.3236,257.367842,0.005016,9.55714,0.004359,25.4102,23.769,26.82,23.679,11.747
2024-06-25,08:00:01,78.805,21.7794,20.224,18.209,42.0034,16.5787,18.7831,35.3618,0.9308,0,27.3236,257.365343,0.003348,9.14872,0.003262,22.4064,23.769,26.784,23.699,11.786
2024-06-25,09:00:00,77.039,23.9931,12.2621,18.693,36.2552,16.1521,18.0462,34.1984,0.9308,0,26.9152,257.366295,0.010444,9.35293,0.003143,14.6644,23.789,26.857,23.729,11.368
2024-06-25,10:00:01,71.745,-3.22533,27.4865,20.011,24.2611,14.8841,17.957,32.8411,0.9298,0,27.3236,257.365595,0.005459,9.14872,0.003923,27.1694,23.909,26.726,23.82,11.829
2024-06-25,11:00:01,68.359,8.45938,29.8449,20.766,38.3043,14.4704,18.2729,32.7433,0.9318,0,27.732,257.365078,0.004179,9.35293,0.002482,30.697,24.07,26.704,23.96,11.911
2024-06-25,12:00:00,64.739,14.1717,22.4557,21.781,36.6274,13.3859,18.1639,31.5499,0.9318,0,27.5278,257.364514,0.005254,9.14872,0.002475,23.8776,24.491,26.562,24.371,11.05
2024-06-25,13:00:01,65.334,16.7718,22.7615,21.962,39.5334,12.4637,18.0328,30.4965,0.9278,0,27.5278,257.364132,0.008905,9.14872,0.003372,24.4436,24.842,26.452,24.762,11.945
2024-06-25,14:00:01,60.859,17.0018,22.5443,22.767,39.5461,12.442,17.9074,30.3494,0.9278,0,27.3236,257.362253,0.008688,8.74029,0.003583,24.2493,25.102,26.224,24.963,11.648
2024-06-25,15:00:00,61.177,15.7763,20.4643,22.857,36.2406,12.4495,17.779,30.2285,0.9308,0,27.9363,257.363373,0.005638,9.35293,0.003489,22.0463,25.213,26.268,25.113,11.808
2024-06-25,16:00:01,65.732,22.2327,24.5502,21.842,46.7829,12.0897,17.4593,29.549,0.9298,0,27.9363,257.362562,0.007649,8.94451,0.003945,26.7788,25.072,26.469,24.963,11.878
2024-06-25,17:00:01,73.393,18.0362,24.5006,19.971,42.5367,11.7803,17.1202,28.9005,0.9298,0,27.3236,257.361682,0.005305,8.94451,0.00453,26.3095,24.641,26.787,24.542,11.096
2024-06-25,18:00:00,77.757,30.2933,20.491,19.055,50.7843,12.3806,17.0249,29.4056,0.9308,0,27.5278,257.361111,0.006514,9.55714,0.003089,23.5251,24.27,27.178,24.171,11.157
2024-06-25,19:00:00,79.969,13.3617,20.8864,18.562,34.2481,12.3991,17.0714,29.4705,0.9318,0,27.5278,257.36048,0.01371,9.35293,0.005556,22.227,24.04,27.37,23.98,11.988
2024-06-25,20:00:01,80.939,-9.5444,17.2652,18.098,7.7208,11.251,17.0622,28.3132,0.9318,0,28.1405,257.360027,0.008543,9.35293,0.004104,16.314,23.919,27.22,23.84,11.982
2024-06-25,21:00:01,82.254,17.873,11.4264,17.917,29.2994,11.5094,16.8959,28.4053,0.9328,0,28.1405,257.359841,0.004864,9.55714,0.003964,13.2163,23.829,27.352,23.77,11.484
2024-06-25,22:00:00,82.306,10.0089,12.0139,17.937,22.0228,11.4396,16.9021,28.3417,0.9308,0,27.732,257.359666,0.003952,9.14872,0.005076,13.0174,23.799,27.35,23.709,11.901
2024-06-25,23:00:01,81.596,4.32052,11.0361,18.038,15.3567,11.7643,16.9239,28.6882,0.9318,0,27.9363,257.359508,0.006418,9.55714,0.00345,11.4705,23.789,27.278,23.719,11.138
2024-06-26,00:00:01,81.155,0.346411,9.16632,17.887,9.51273,11.4778,16.9352,28.413,0.9308,0,27.732,257.359538,0.002377,9.14871,0.004514,9.2028,23.779,27.102,23.709,11.367
2024-06-26,01:00:00,80.825,9.58287,8.86637,17.827,18.4492,11.4658,17.0306,28.4964,0.9308,0,27.732,257.359336,0.003713,9.35293,0.003381,9.82662,23.769,26.996,23.689,11.9
2024-06-26,02:00:00,80.485,-2.9619,8.98691,17.998,6.02501,10.801,17.1545,27.9555,0.9308,0,27.9363,257.359299,0.004667,9.76135,0.004727,8.69245,23.749,27.029,23.679,11.899
2024-06-26,03:00:01,80.661,13.4506,9.29706,17.978,22.7477,11.765,17.1926,28.9576,0.9308,0,27.732,257.359398,0.02335,9.35293,0.004934,10.6442,23.759,27.065,23.699,11.061
2024-06-26,04:00:00,80.995,39.7523,8.8306,17.877,48.5829,13.2367,17.1802,30.4169,0.9298,0,27.5278,257.359035,0.032111,9.14872,0.005901,12.8084,23.769,27.066,23.689,11.899
2024-06-26,05:00:00,80.322,18.1335,10.8235,17.897,28.957,12.7271,17.3242,30.0514,0.9328,0,27.9363,257.358803,0.006896,9.35293,0.004553,12.6394,23.749,26.994,23.689,11.595
2024-06-26,06:00:01,80.224,19.9306,7.54965,17.766,27.4802,14.0382,16.9751,31.0132,0.9308,0,27.9363,257.358397,0.004857,9.14872,0.002969,9.54461,23.759,26.854,23.679,11.747
2024-06-26,07:00:00,79.709,18.8279,10.5218,17.978,29.3498,14.0988,16.4273,30.5262,0.9298,0,27.732,257.357831,0.005591,9.14872,0.004537,12.4071,23.739,26.852,23.669,11.899
2024-06-26,08:00:00,78.927,17.3607,18.8231,17.957,36.1838,13.9147,16.3689,30.2837,0.9328,0,27.1194,257.35722,0.007768,8.74029,0.004587,20.5633,23.769,26.714,23.699,11.862
2024-06-26,09:00:01,78.653,29.182,23.2559,18.25,52.4379,14.1309,16.827,30.958,0.9338,0,28.1405,257.356466,0.011225,9.76136,0.003773,26.1794,23.809,26.858,23.739,11.826
2024-06-26,10:00:00,77.817,26.5238,20.697,18.531,47.2208,15.3705,16.5441,31.9146,0.9318,0,27.732,257.356132,0.011849,9.35293,0.003793,23.354,23.869,26.934,23.76,11.064
2024-06-26,11:00:00,73.451,35.8847,24.3908,20.122,60.2755,16.5132,16.3169,32.8301,0.9278,0,27.3236,257.355555,0.012611,8.9445,0.005043,27.9849,23.959,27.012,23.84,11.678
2024-06-26,12:00:01,66.239,32.34,24.8407,21.731,57.1807,17.2702,16.4162,33.6865,0.9298,0,28.1405,257.35505,0.003546,9.14872,0.004946,28.0803,24.34,26.691,24.201,11.845
2024-06-26,13:00:01,62.229,11.4701,19.9629,22.757,31.433,17.0493,16.2996,33.3489,0.9298,0,28.1405,257.352978,0.004968,9.55714,0.003176,21.1141,24.762,26.408,24.652,11.635
2024-06-26,14:00:00,58.985,9.2688,19.1286,23.47,28.3974,16.7271,16.1573,32.8844,0.9278,0,27.9363,257.354384,0.00407,9.55714,0.004828,20.0595,25.102,26.26,24.973,11.496
2024-06-26,15:00:01,55.745,6.36938,16.4541,24.425,22.8235,16.3351,15.9902,32.3254,0.9278,0,27.9363,257.354262,0.005579,9.14871,0.003896,17.0945,25.273,26.131,25.163,11.58
2024-06-26,16:00:01,58.652,8.88793,23.6523,23.49,32.5402,15.7791,15.9528,31.7319,0.9278,0,28.5489,257.35387,0.00547,9.55714,0.003215,24.546,25.323,26.205,25.193,11.734
2024-06-26,17:00:00,71.077,11.1036,28.8717,20.273,39.9753,15.4903,16.1349,31.6252,0.9258,0,27.9363,257.35309,0.002244,9.14871,0.004661,29.9881,24.902,26.526,24.782,11.105
2024-06-26,18:00:00,76.435,3.74825,27.476,19.045,31.2242,14.3842,16.426,30.8102,0.9268,0,28.1405,257.352395,0.002984,9.55714,0.004089,27.8563,24.361,26.975,24.261,12
2024-06-26,19:00:01,78.583,19.533,24.0535,18.622,43.5865,14.6414,16.5579,31.1993,0.9288,0,28.3447,257.351826,0.003394,9.35293,0.002772,26.012,24.07,27.162,23.98,11.912
2024-06-26,20:00:00,79.729,18.3583,17.0453,18.239,35.4036,15.804,16.5488,32.3527,0.9298,0,28.5489,257.350981,0.004092,9.76135,0.003291,18.8849,23.909,27.113,23.82,11.905
2024-06-26,21:00:00,80.355,11.3534,16.6458,18.018,27.9992,15.5323,16.7662,32.2986,0.9268,0,28.3447,257.350569,0.003345,9.35293,0.004429,17.7847,23.809,27.104,23.719,11.901
2024-06-26,22:00:01,81.018,11.0254,16.7275,17.877,27.7529,15.5747,16.9626,32.5373,0.9278,0,28.1405,257.350385,0.005143,9.35292,0.003782,17.8336,23.769,27.207,23.689,11.824
2024-06-26,23:00:01,80.877,9.76531,12.6313,18.119,22.3966,15.8015,17.0291,32.8306,0.9298,0,28.1405,257.348656,0.006027,9.55714,0.003515,13.6106,23.739,27.274,23.659,11.899
2024-06-27,00:00:00,80.677,-7.88532,10.6698,18.219,2.78448,15.4585,17.0918,32.5503,0.9308,0,28.1405,257.349846,0.005605,9.55714,0.004759,9.88324,23.749,27.31,23.659,11.441
2024-06-27,01:00:01,81.715,-0.225674,9.07312,17.806,8.84744,15.0499,17.1004,32.1502,0.9298,0,28.3447,257.349805,0.003547,9.76135,0.004232,9.05236,23.729,27.273,23.649,11.974
2024-06-27,02:00:01,82.96,7.36254,6.30188,17.585,13.6644,15.48,16.9885,32.4685,0.9278,0,28.3447,257.349582,0.003461,9.55714,0.002752,7.03954,23.709,27.377,23.629,11.974
2024-06-27,03:00:00,82.116,5.83559,4.31129,17.545,10.1469,15.1627,16.7808,31.9435,0.9268,0,28.7531,257.349553,0.004134,9.76136,0.004146,4.89583,23.699,27.025,23.599,11.896
2024-06-27,04:00:01,78.817,12.0556,1.23193,17.514,13.2875,14.0087,16.4641,30.4729,0.9278,0,28.3447,257.349586,0.006095,9.55714,0.003798,2.43798,23.689,26.355,23.599,11.744
2024-06-27,05:00:01,78.574,14.3995,2.34383,17.273,16.7433,13.8531,16.1108,29.964,0.9268,0,28.1405,257.347736,0.004076,9.14872,0.002836,3.78453,23.679,26.284,23.599,11.668
2024-06-27,06:00:00,79.516,17.8944,4.7171,17.111,22.6115,13.7683,15.9928,29.7611,0.9288,0,28.3447,257.348654,0.004405,9.35293,0.004175,6.50784,23.669,26.423,23.579,11.247
2024-06-27,07:00:01,80.144,12.2242,7.6217,17.001,19.8459,13.4931,15.872,29.3651,0.9298,0,28.7531,257.348073,0.00812,9.55714,0.005181,8.84589,23.669,26.53,23.589,11.591
2024-06-27,08:00:01,78.858,17.7354,11.0472,17.494,28.7826,13.5088,15.548,29.0567,0.9298,0,28.3447,257.347404,0.002498,9.76135,0.003238,12.8233,23.689,26.39,23.609,11.668
2024-06-27,09:00:00,78.672,14.8403,9.88412,17.877,24.7244,12.9112,14.9908,27.902,0.9308,0,28.3447,257.346865,0.004417,9.35293,0.00373,11.3704,23.729,26.641,23.639,11.822
2024-06-27,10:00:01,75.574,11.0948,5.98131,18.723,17.0761,12.2683,14.3777,26.646,0.9308,0,28.3447,257.346705,0.003771,9.55714,0.003828,7.0922,23.809,26.576,23.719,11.749
2024-06-27,11:00:01,66.971,14.764,16.085,21.077,30.849,11.3883,14.0316,25.4199,0.9268,0,28.3447,257.344934,0.009592,9.55714,0.003851,17.5649,24.08,26.669,23.95,11.835
2024-06-27,12:00:00,63.909,25.7306,22.8648,22.053,48.5954,11.1129,13.9493,25.0621,0.9278,0,28.5489,257.345967,0.005489,9.14871,0.004442,25.4429,24.591,26.429,24.431,11.779
2024-06-27,13:00:00,57.072,8.23297,22.4895,24.324,30.7225,10.978,14.0545,25.0325,0.9258,0,28.3447,257.34618,0.021503,9.35293,0.003802,23.3174,25.032,26.43,24.903,11.951
2024-06-27,14:00:01,51.114,13.5798,28.5913,25.871,42.1711,11.1576,14.4488,25.6064,0.9268,0,28.5489,257.34544,0.003106,9.14872,0.00322,29.9553,25.383,26.282,25.253,11.966
2024-06-27,15:00:00,51.912,11.7556,29.2214,25.65,40.9769,11.3821,14.9808,26.3628,0.9268,0,28.7531,257.34498,0.002584,9.35293,0.003916,30.403,25.594,26.086,25.464,11.975
2024-06-27,16:00:00,57.677,16.122,26.0654,23.561,42.1875,11.6835,15.0813,26.7648,0.9288,0,28.3447,257.34422,0.003647,8.74029,0.002947,27.6832,25.523,26.01,25.394,11.896
2024-06-27,17:00:01,67.226,19.8277,29.7445,20.796,49.5721,12.047,15.1177,27.1647,0.9278,0,28.9573,257.3434,0.002766,9.76135,0.004571,31.7336,25.012,26.075,24.903,11.799
2024-06-27,18:00:00,74.989,21.6048,42.0799,18.884,63.6847,12.791,15.7262,28.5172,0.9298,0,28.5489,257.342324,0.003353,9.76136,0.004186,44.2492,24.411,26.625,24.301,11.926
2024-06-27,19:00:00,76.949,15.8696,27.2538,18.521,43.1234,12.6384,15.8595,28.4979,0.9288,0,28.1405,257.343441,0.014607,11.1908,0.003251,28.8465,24.05,26.808,23.94,11.071
2024-06-27,20:00:01,78.522,17.5142,19.6519,17.998,37.1661,12.6032,15.9681,28.5713,0.9288,0,28.9573,257.3398,0.002359,9.76136,0.004432,21.4076,23.839,26.79,23.76,11.674
2024-06-27,21:00:01,80.714,10.6543,20.2328,17.474,30.8872,12.5741,16.1176,28.6917,0.9288,0,28.5489,257.340931,0.003887,9.76136,0.003177,21.3025,23.699,26.919,23.639,11.441
2024-06-27,22:00:00,81.129,12.3825,16.3593,17.434,28.7418,12.6306,16.1023,28.7329,0.9288,0,28.5489,257.340393,0.003756,9.35293,0.004155,17.6011,23.669,26.917,23.589,11.896
2024-06-27,23:00:00,81.413,13.8569,20.9401,17.061,34.797,12.8011,16.4485,29.2495,0.9298,0,28.7531,257.340033,0.01164,9.76136,0.004263,22.3302,23.618,26.666,23.549,11.818
2024-06-28,00:00:01,82.199,19.6792,13.4771,17.192,33.1563,13.9496,16.5654,30.515,0.9278,0,28.7531,257.339693,0.011747,9.35293,0.002877,15.4481,23.608,27.193,23.549,11.97
2024-06-28,01:00:00,82.027,12.7555,19.1131,16.708,31.8687,14.4905,16.9838,31.4743,0.9258,0,29.1615,257.339169,0.010155,9.96557,0.002768,20.3928,23.618,26.525,23.559,11.818
2024-06-28,02:00:01,82.695,15.3347,15.2123,16.739,30.547,14.8227,17.355,32.1777,0.9268,0,28.7531,257.338733,0.016628,9.55714,0.003646,16.7492,23.628,26.984,23.559,11.894
2024-06-28,03:00:01,82.972,18.3385,10.0869,16.628,28.4254,15.3436,17.5957,32.9393,0.9258,0,28.7531,257.338482,0.01213,9.55714,0.003308,11.9232,23.628,26.843,23.549,11.818
2024-06-28,04:00:00,83.063,31.8687,15.0234,16.326,46.8921,16.1692,18.1703,34.3395,0.9248,0,28.9573,257.337806,0.006255,8.94451,0.003938,18.2139,23.628,26.562,23.559,11.742
2024-06-28,05:00:00,83.667,27.097,13.7093,15.822,40.8064,16.6982,18.6439,35.3421,0.9268,0,29.3657,257.337273,0.010419,10.1698,0.003963,16.4223,23.608,26.137,23.549,11.742
2024-06-28,06:00:01,84.11,23.9096,17.9778,15.56,41.8873,16.9489,19.1964,36.1453,0.9248,0,28.3447,257.336396,0.007767,9.35293,0.003827,20.3728,23.618,26.208,23.539,11.665
2024-06-28,07:00:00,84.552,17.3195,18.358,15.781,35.6776,17.1612,19.6438,36.8049,0.9278,0,28.5489,257.335259,0.004573,9.55714,0.005259,20.094,23.628,26.702,23.569,11.438
2024-06-28,08:00:00,84.202,-2.33484,12.6032,16.063,10.2684,16.3249,19.7086,36.0335,0.9298,0,29.1615,257.334986,0.00405,9.76135,0.003949,12.3722,23.679,26.741,23.599,11.286
2024-06-28,09:00:01,75.435,40.5616,26.9305,18.844,67.4921,17.3966,20.4189,37.8155,0.9268,0,28.5489,257.333601,0.003771,9.14871,0.00322,30.9929,23.809,26.224,23.679,11.823
2024-06-28,10:00:01,57.522,48.0487,47.5607,23.319,95.6094,18.9364,22.1513,41.0877,0.9298,0,29.3657,257.332262,0.010584,9.96557,0.003503,52.3761,24.21,26.115,24.05,11.839
2024-06-28,11:00:00,53.006,25.5477,51.4495,24.746,76.9972,19.3857,23.6249,43.0106,0.9288,0,29.3657,257.330821,0.015594,10.374,0.003694,54.0151,25.042,26.078,24.883,11.798
2024-06-28,12:00:01,46.761,31.323,39.7123,26.513,71.0353,19.6187,24.3268,43.9456,0.9288,0,29.57,257.330329,0.004217,9.76136,0.004518,42.8532,25.533,25.549,25.374,11.742
2024-06-28,13:00:01,48.638,15.9373,45.2931,25.8,61.2304,19.9397,25.277,45.2167,0.9268,0,29.3657,257.329777,0.016199,9.76136,0.004197,46.8962,25.694,25.384,25.564,11.674
2024-06-28,14:00:00,53.384,29.1338,42.2938,24.907,71.4276,20.5878,25.8479,46.4357,0.9268,0,29.1615,257.330633,0.011762,9.96557,0.004817,45.2163,25.794,25.996,25.664,11.065
2024-06-28,15:00:00,57.251,11.1188,38.6635,24.043,49.7822,20.5613,26.2414,46.8026,0.9288,0,29.1615,257.327834,0.01068,9.76135,0.003513,39.7833,25.654,26.233,25.524,11.519
2024-06-28,16:00:01,60.064,28.0533,36.2996,23.41,64.3528,21.0584,26.6678,47.7262,0.9278,0,29.57,257.326829,0.00513,9.96556,0.003667,39.1127,25.443,26.57,25.324,11.587
2024-06-28,17:00:01,70.398,21.518,37.1432,20.746,58.6611,21.1288,26.9761,48.1049,0.9298,0,29.3657,257.325706,0.007057,9.96557,0.004013,39.3028,24.932,26.74,24.822,11.948
2024-06-28,18:00:00,76.469,31.8656,41.7904,18.984,73.6559,21.5564,26.964,48.5204,0.9298,0,29.9784,257.326106,0.003696,9.96557,0.003548,44.9859,24.33,27.078,24.231,11.159
2024-06-28,19:00:01,79.663,24.8945,31.5438,18.25,56.4383,21.9324,27.1427,49.0752,0.9298,0,29.7742,257.323643,0.002781,10.374,0.00483,34.0401,23.969,27.294,23.87,12.022
2024-06-28,20:00:01,80.113,-0.893477,25.262,18.682,24.3685,21.1654,27.3765,48.5419,0.9308,0,29.3657,257.323028,0.003328,9.96556,0.005541,25.1777,23.789,27.7,23.719,12.053
2024-06-28,21:00:00,77.613,27.492,49.99,18.36,77.482,21.867,28.6164,50.4834,0.9288,0,29.7742,257.32189,0.009935,9.55714,0.005057,52.7497,23.709,26.991,23.649,11.974
2024-06-28,22:00:00,74.944,21.873,49.9996,19.206,71.8726,22.2624,30.0181,52.2805,0.9278,0,29.57,257.320566,0.005042,9.76135,0.004584,52.1974,23.689,26.988,23.619,11.821
2024-06-28,23:00:01,78.584,18.8799,59.905,17.313,78.7849,22.4717,31.6416,54.1133,0.9308,0,29.9784,257.319365,0.014927,10.374,0.003706,61.8053,23.669,26.494,23.579,11.743
2024-06-29,00:00:00,82.629,11.9534,12.3674,16.829,24.3208,22.1498,31.5954,53.7452,0.9288,0,29.3657,257.320954,0.042054,12.2119,0.003701,13.5654,23.638,26.985,23.549,11.132
2024-06-29,01:00:00,81.447,18.7127,22.1712,17.021,40.8839,22.398,31.7228,54.1208,0.9268,0,29.7742,257.318659,0.003386,9.96556,0.003882,24.0473,23.628,26.703,23.559,11.818
2024-06-29,02:00:01,80.653,14.5263,27.3944,16.88,41.9207,22.3643,32.2304,54.5947,0.9268,0,29.9784,257.318095,0.002203,9.96556,0.004286,28.8528,23.638,26.633,23.569,11.399
2024-06-29,03:00:01,83.39,17.1261,9.86006,15.59,26.9862,22.3138,32.2209,54.5347,0.9268,0,29.7742,257.316175,0.006073,10.1698,0.004832,11.575,23.638,26.316,23.569,11.59
2024-06-29,04:00:00,84.546,10.3329,4.45933,15.6,14.7922,21.4165,31.7807,53.1973,0.9268,0,29.7742,257.317483,0.019719,10.374,0.004032,5.49372,23.638,26.245,23.589,11.667
2024-06-29,05:00:01,85.17,23.7549,4.85198,15.257,28.6069,21.2773,31.4117,52.6889,0.9268,0,29.9784,257.317309,0.012254,9.96556,0.005065,7.22891,23.648,26.352,23.589,11.743
2024-06-29,06:00:01,85.587,29.0901,1.6876,15.176,30.7777,21.4931,30.7329,52.226,0.9268,0,29.9784,257.316328,0.011864,9.96556,0.003601,4.59752,23.648,26.422,23.589,11.515
2024-06-29,07:00:00,86.005,16.459,12.7643,15.56,29.2233,21.4573,30.4999,51.9571,0.9278,0,30.1826,257.31543,0.009124,10.1698,0.00286,14.4131,23.669,26.706,23.609,11.896
2024-06-29,08:00:01,85.143,26.8042,24.1014,15.932,50.9056,22.6714,30.9789,53.6503,0.9278,0,29.7742,257.313938,0.008514,9.96556,0.003689,26.7872,23.729,26.922,23.609,11.516
2024-06-29,09:00:01,82.652,-2.20084,22.6152,19.276,20.4144,20.8896,30.7991,51.6888,0.9278,0,29.9784,257.312931,0.00476,10.1698,0.003609,22.3996,23.789,26.786,23.639,11.898
2024-06-29,10:00:00,59.116,20.7673,57.9695,23.108,78.7368,19.7529,31.2328,50.9857,0.9278,0,29.7742,257.311298,0.006925,9.96556,0.004546,60.0582,24.31,26.548,24.141,11.957
2024-06-29,11:00:00,58.387,34.4319,47.049,23.108,81.481,20.1231,31.0495,51.1726,0.9298,0,30.591,257.310086,0.008631,10.5782,0.003684,50.5023,24.892,25.959,24.722,11.715
2024-06-29,12:00:01,56.272,19.8238,33.8497,23.661,53.6735,19.6439,30.8052,50.4491,0.9278,0,29.9784,257.309352,0.003183,9.96556,0.003941,35.8392,25.273,25.883,25.123,11.732
2024-06-29,13:00:00,54.98,24.3589,42.1628,24.525,66.5216,19.9948,30.6748,50.6696,0.9268,0,30.1826,257.308987,0.025407,9.76135,0.004052,44.6076,25.443,26.145,25.314,11.587
2024-06-29,14:00:00,56.85,14.1401,32.4015,24.033,46.5416,19.3701,30.2626,49.6327,0.9288,0,30.591,257.308486,0.005262,10.1698,0.004066,33.8223,25.523,26.153,25.404,11.743
2024-06-29,15:00:01,58.084,6.47521,27.001,23.621,33.4763,19.1766,29.7767,48.9533,0.9278,0,30.1826,257.308177,0.007685,10.5782,0.0035,27.6541,25.483,26.219,25.344,11.588
2024-06-29,16:00:01,54.646,10.7075,28.3293,24.766,39.0368,18.4539,29.4446,47.8984,0.9268,0,30.591,257.307849,0.004328,10.374,0.003238,29.4059,25.313,26.205,25.173,11.963
2024-06-29,17:00:00,57.06,26.2495,73.3668,23.762,99.6163,18.651,30.9539,49.6049,0.9278,0,30.591,257.306721,0.007213,10.1698,0.004043,76.007,25.153,26.334,25.013,11.995
2024-06-29,18:00:01,76.408,22.8655,42.4991,18.431,65.3646,18.276,30.9834,49.2594,0.9298,0,30.591,257.306143,0.012996,10.374,0.004395,44.7946,24.611,26.678,24.502,11.094
2024-06-29,19:00:01,76.269,25.4677,17.9064,19.347,43.3741,18.2999,30.4152,48.7151,0.9298,0,29.9784,257.305735,0.005412,9.96556,0.003561,20.4572,24.14,27.237,24.04,11.762
2024-06-29,20:00:00,74.362,23.1018,55.6754,18.461,78.7772,19.2997,31.6824,50.9821,0.9298,0,30.3868,257.304647,0.017722,10.5782,0.002882,57.9972,23.949,26.659,23.87,11.373
2024-06-29,21:00:00,82.441,-12.1404,16.6729,17.192,4.53248,17.6484,30.2942,47.9426,0.9308,0,30.7952,257.304432,0.003445,10.7824,0.003212,15.462,23.799,26.963,23.719,11.901
2024-06-29,22:00:01,78.426,18.0864,30.2795,18.36,48.3659,17.4906,29.4725,46.9631,0.9288,0,30.1826,257.303805,0.003154,10.374,0.00397,32.0946,23.749,26.924,23.659,11.594
2024-06-29,23:00:00,68.278,37.1219,54.0665,19.89,91.1884,18.2507,29.2293,47.4799,0.9288,0,30.1826,257.30322,0.015269,9.96557,0.004559,57.7902,23.719,26.428,23.639,11.364
2024-06-30,00:00:00,63.677,46.9848,54.7899,19.639,101.775,19.7103,30.9969,50.7072,0.9288,0,30.591,257.301923,0.003949,9.76135,0.004859,59.5003,23.759,25.371,23.669,11.289
2024-06-30,01:00:01,79.868,27.5457,32.4465,16.527,59.9922,20.0784,31.425,51.5034,0.9278,0,30.7952,257.300878,0.003162,10.5782,0.00415,35.2081,23.689,26.39,23.609,11.745
2024-06-30,02:00:02,83.327,14.3818,3.74171,16.174,18.1235,20.0723,30.4395,50.5118,0.9298,0,30.1826,257.300473,0.021087,9.96557,0.003546,5.18093,23.669,26.847,23.599,11.057
2024-06-30,03:00:00,84.63,8.5515,0.313639,15.912,8.86514,19.7151,30.0417,49.7568,0.9288,0,30.3868,257.300573,0.004017,10.7824,0.00366,1.16902,23.658,26.81,23.579,11.895
2024-06-30,04:00:01,85.062,7.87865,1.14597,15.479,9.02462,19.6128,29.9037,49.5164,0.9288,0,29.7742,257.29923,0.002911,9.76135,0.002785,1.93423,23.658,26.529,23.599,11.744
2024-06-30,05:00:00,85.391,-2.99846,6.41512,15.308,3.41666,18.4981,29.9688,48.4669,0.9298,0,30.7952,257.300998,0.016594,10.7824,0.002028,6.1165,23.658,26.423,23.589,11.515
2024-06-30,06:00:00,85.163,-6.19477,7.24038,15.066,1.04561,17.0279,30.2002,47.228,0.9258,0,30.1826,257.30137,0.020378,9.96557,0.00363,6.62223,23.699,26.003,23.609,10.981
2024-06-30,07:00:01,84.778,5.41279,21.4174,15.519,26.8302,16.5676,30.5607,47.1283,0.9278,0,30.3868,257.299907,0.00387,9.76135,0.003731,21.963,23.719,26.323,23.649,11.784
2024-06-30,08:00:00,84.179,39.0398,16.3985,16.95,55.4383,17.0774,30.2397,47.3172,0.9298,0,30.9994,257.298456,0.004865,10.1698,0.003052,20.3065,23.729,26.957,23.629,11.135
2024-06-30,09:00:00,32.43,37.2496,54.4651,28.239,91.7147,18.7212,31.5668,50.288,0.9268,0,30.9994,257.297426,0.003417,10.7824,0.004144,58.2017,24.06,23.508,23.89,10.61
2024-06-30,10:00:01,23.558,27.1099,58.8553,30.615,85.9651,18.9855,31.6037,50.5892,0.9278,0,31.2037,257.296878,0.003496,10.374,0.004251,61.5786,25.333,21.263,25.113,10.582
2024-06-30,11:00:01,44.122,25.1764,49.6389,27.105,74.8153,18.5998,31.7116,50.3115,0.9278,0,31.2037,257.295103,0.002298,10.7824,0.002882,52.167,26.055,25.234,25.875,11.687
2024-06-30,12:00:00,44.027,22.231,32.1091,26.895,54.3402,18.7001,31.6391,50.3392,0.9288,0,31.4079,257.295206,0.012901,11.5993,0.003461,34.3391,26.125,24.918,25.965,11.69
2024-06-30,13:00:01,48.629,5.9043,22.5406,26.343,28.4449,17.9312,30.8215,48.7527,0.9268,0,30.9994,257.294615,0.04664,11.1908,0.004097,23.1356,26.065,25.735,25.945,11.843
2024-06-30,14:00:01,53.806,10.3154,26.2741,25.339,36.5896,17.7718,30.5662,48.338,0.9258,0,30.9994,257.295082,0.037032,10.374,0.003632,27.3111,25.964,26.188,25.825,12.067
2024-06-30,15:00:00,55.23,23.0826,22.499,24.977,45.5816,18.4638,30.3786,48.8424,0.9258,0,31.2037,257.294249,0.01527,10.9866,0.003,24.8122,25.804,26.458,25.684,11.832
2024-06-30,16:00:00,58.409,23.5847,24.6134,24.013,48.1981,19.0003,30.2238,49.2241,0.9248,0,31.4079,257.293605,0.012269,10.9866,0.004861,26.9773,25.574,26.687,25.444,11.515
2024-06-30,17:00:01,66.288,23.9093,30.5804,21.58,54.4897,18.9028,28.441,47.3439,0.9258,0,31.4079,257.292667,0.020907,10.9866,0.003724,32.9779,25.062,26.645,24.953,11.954
2024-06-30,18:00:00,64.634,25.4294,30.7281,22.334,56.1575,19.0097,27.9506,46.9602,0.9248,0,31.4079,257.293622,0.021925,11.8035,0.00423,33.2777,24.431,27.262,24.321,11.24
2024-06-30,19:00:00,79.841,20.9812,31.7569,17.595,52.738,18.8227,28.5277,47.3504,0.9268,0,30.7952,257.291064,0.020229,10.374,0.003107,33.8617,24.07,27.021,23.99,11.989
2024-06-30,20:00:01,82.998,16.656,10.8085,17.303,27.4644,18.5542,26.6582,45.2124,0.9268,0,31.2037,257.290519,0.035293,10.1698,0.002852,12.4765,23.849,27.39,23.76,11.979
2024-06-30,21:00:00,79.12,12.2984,25.8171,17.998,38.1155,19.5724,27.0392,46.6117,0.9248,0,31.2037,257.289729,0.01848,10.7824,0.002999,27.0523,23.769,26.996,23.669,11.975
2024-06-30,22:00:00,80.277,22.3808,25.001,17.172,47.3818,19.7514,26.8193,46.5707,0.9278,0,31.6121,257.288517,0.003629,10.9866,0.004444,27.2446,23.689,26.883,23.619,11.592
2024-06-30,23:00:01,83.19,18.7325,9.87489,16.467,28.6073,18.9851,24.978,43.9631,0.9278,0,31.2037,257.287705,0.0061,10.7824,0.003957,11.7505,23.669,27.058,23.569,11.933
2024-07-01,00:00:01,82.724,20.5934,12.352,16.849,32.9455,17.8855,23.2097,41.0952,0.9268,0,31.4079,257.287303,0.004153,10.7824,0.00348,14.4143,23.669,27.058,23.579,11.971
2024-07-01,01:00:00,80.273,24.5327,30.9724,16.799,55.5052,17.76,23.1483,40.9083,0.9258,0,31.2037,257.286545,0.003535,10.5782,0.003823,33.4324,23.648,26.281,23.579,11.819
2024-07-01,02:00:01,82.514,18.5322,9.81293,16.043,28.3452,17.9329,23.4013,41.3342,0.9248,0,31.4079,257.285903,0.002722,10.9866,0.002931,11.6685,23.648,26.669,23.579,11.857
2024-07-01,03:00:00,83.704,18.687,6.93794,15.862,25.625,18.3552,23.6773,42.0325,0.9248,0,30.9994,257.285635,0.007493,10.374,0.003357,8.80841,23.628,26.35,23.569,11.819
2024-07-01,04:00:00,84.392,33.3815,2.86844,15.499,36.25,19.4178,23.7491,43.1669,0.9248,0,30.9994,257.285105,0.014785,10.374,0.003972,6.20784,23.628,26.385,23.569,11.742
2024-07-01,05:00:01,85.032,12.1358,3.62215,15.136,15.7579,20.0484,23.6327,43.6811,0.9278,0,30.591,257.284593,0.021844,10.1698,0.002868,4.83669,23.628,26.35,23.559,11.742
2024-07-01,06:00:01,85.348,-1.60847,7.63864,14.854,6.03017,20.2395,23.6493,43.8888,0.9268,0,31.2037,257.28402,0.008295,10.5782,0.004445,7.47929,23.658,26.211,23.579,11.667
2024-07-01,07:00:00,85.861,21.6355,8.25179,15.338,29.8873,20.9155,23.1007,44.0162,0.9258,0,31.6121,257.283082,0.011243,11.5993,0.005104,10.4174,23.669,26.706,23.579,11.819
2024-07-01,08:00:01,84.751,31.217,26.9686,18.602,58.1856,20.5895,23.5411,44.1306,0.9278,0,30.9994,257.282048,0.0165,10.374,0.005169,30.0964,23.759,28.012,23.639,11.555
2024-07-01,09:00:01,61.136,54.6429,79.5163,21.902,134.159,21.3142,24.5849,45.8992,0.9278,0,32.0205,257.280047,0.036025,10.9866,0.0036,84.9976,24.01,26.311,23.83,11.83
